{"__symbolic":"module","version":4,"metadata":{"GanttChartModule":{"__symbolic":"class","decorators":[{"__symbolic":"call","expression":{"__symbolic":"reference","module":"@angular/core","name":"NgModule","line":20,"character":1},"arguments":[{"imports":[{"__symbolic":"reference","module":"@angular/common","name":"CommonModule","line":22,"character":4},{"__symbolic":"reference","module":"@angular/forms","name":"FormsModule","line":23,"character":4},{"__symbolic":"reference","module":"ng-zorro-antd","name":"NgZorroAntdModule","line":24,"character":4},{"__symbolic":"reference","name":"ɵa"}],"exports":[{"__symbolic":"reference","name":"GanttComponent"}],"declarations":[{"__symbolic":"reference","name":"ɵf"},{"__symbolic":"reference","name":"GanttComponent"},{"__symbolic":"reference","name":"ɵg"},{"__symbolic":"reference","name":"ɵh"},{"__symbolic":"reference","name":"ɵc"}],"providers":[{"__symbolic":"reference","name":"ɵd"},{"__symbolic":"reference","name":"GanttRequestService"},{"provide":"PREVTYPE","useValue":{"__symbolic":"reference","name":"PREVTYPE"}},{"provide":"GanttSize","useValue":{"__symbolic":"reference","name":"GanttSize"}}],"entryComponents":[{"__symbolic":"reference","name":"GanttComponent"}]}]}],"members":{"__ctor__":[{"__symbolic":"constructor","parameters":[{"__symbolic":"reference","module":"@angular/core","name":"ComponentFactoryResolver","line":43,"character":32}]}]}},"GanttComponent":{"__symbolic":"class","decorators":[{"__symbolic":"call","expression":{"__symbolic":"reference","module":"@angular/core","name":"Component","line":13,"character":1},"arguments":[{"selector":"app-gantt-chart","template":"<div class=\"progress\" #container>\r\n    <div class=\"maskLoading\" *ngIf=\"Xmpp.globalLoading\">\r\n        <nz-spin [nzSize]=\"'large'\"></nz-spin>\r\n    </div>\r\n    <div class=\"progress-item\" [ngStyle]=\"schedulePnlStyle\">\r\n        <!-- 进度模块 -->\r\n        <div class=\"gantt-container\" #ganttContainer>\r\n            <!-- <div class=\"header-box\">\r\n                <app-tool-bar [Xmpp]=\"Xmpp\" *ngIf=\"Xmpp.showTools\"></app-tool-bar>\r\n            </div> -->\r\n            <div class=\"gantt-panel\">\r\n                <!-- <div class=\"top-box\" [ngStyle]=\"topPnlStyle\"> -->\r\n                <div class=\"handlerArea\">\r\n                    <div class=\"task-box\" #taskbox [ngStyle]=\"leftPnlStyle\" (mousewheel)=\"mousewheelhandler($event)\">\r\n                        <app-task-box (newTaskBlur)=\"newTaskBlur($event)\" [Xmpp]=\"Xmpp\" #taskPanel></app-task-box>\r\n                    </div>\r\n                    <div class=\"separate\">\r\n                        <app-resize-bar (resizeCallback)=\"resizeCallback($event)\" [lazyMove]=\"true\" [mode]=\"'between-hor'\" [before]=\"leftPanel\" [after]=\"rightPanel\">\r\n                        </app-resize-bar>\r\n                    </div>\r\n                    <div class=\"gantt-box\" [ngStyle]=\"rightPnlStyle\" (mousewheel)=\"mousewheelhandler($event)\">\r\n                        <app-gantt-box #ganttPanel [Xmpp]=\"Xmpp\" [canvasInfo]=\"Xmpp.draw.canvasInfo\">\r\n                        </app-gantt-box>\r\n                    </div>\r\n                </div>\r\n                <div class=\"scrollBar zzj-scrollbar\" (scroll)=\"scrollHandler($event)\">\r\n                    <div class=\"scrollList\" [style.height]=\"scrollListHeight + 'px'\"></div>\r\n                </div>\r\n                <!-- </div> -->\r\n                <!-- 底部模块 -->\r\n                <!-- <div class=\"bottom-box\" [ngStyle]=\"bottomPnlStyle\">\r\n                    <i class=\"anticon anticon-caret-down fold\" (click)=\"switchBottom('down')\" *ngIf=\"!isFold\"></i>\r\n                    <i class=\"anticon anticon-caret-up fold\" (click)=\"switchBottom('up')\" *ngIf=\"isFold\"></i>\r\n                    <div class=\"tools\" style=\"margin-bottom: 12px\">\r\n                        <app-tool-bar></app-tool-bar>\r\n                    </div>\r\n                    <ng-container *ngIf=\"GanttInfo.currentGantt?.detailView && GanttInfo.currentTask\">\r\n                        <div class=\"row\">\r\n                            <p class=\"item\">\r\n                                <label for=\"\">任务名称：</label>\r\n                                <span>\r\n                                  <input nz-input [(ngModel)]=\"GanttInfo.currentTask.taskName\">\r\n                                </span>\r\n                            </p>\r\n                            <p class=\"item edit\" (click)=\"ganttHelperService.showSettings(GanttInfo.currentTask)\">\r\n                                <label style=\"width: 60px\" for=\"\">前置任务：</label>\r\n                                <span>{{ganttHelperService.showRelation(GanttInfo.currentTask)}}</span>\r\n                            </p>\r\n                        </div>\r\n                        <div class=\"row\">\r\n                            <p class=\"item\">\r\n                                <label for=\"\">计划开始时间：</label>\r\n                                <span>\r\n                                  <nz-date-picker [(ngModel)]=\"GanttInfo.currentTask.startDate\" (ngModelChange)=\"updateTasks()\"\r\n                                    [nzAllowClear]=\"false\"></nz-date-picker>\r\n                                </span>\r\n                            </p>\r\n                            <p class=\"item\">\r\n                                <label for=\"\">计划完成时间：</label>\r\n                                <span>\r\n                                  <nz-date-picker [(ngModel)]=\"GanttInfo.currentTask.endDate\" (ngModelChange)=\"updateTasks()  \"\r\n                                    [nzAllowClear]=\"false\"></nz-date-picker>\r\n                                </span>\r\n                            </p>\r\n                            <p class=\"item edit\" (click)=\"ganttHelperService.showSettings(GanttInfo.currentTask)\">\r\n                                <label style=\"width: 60px\" for=\"\">计划工期：</label>\r\n                                <span>{{GanttInfo.currentTask.showDuration}}</span>\r\n                            </p>\r\n                        </div>\r\n                        <div class=\"row\">\r\n                            <p class=\"item\">\r\n                                <label for=\"\">实际开始时间：</label>\r\n                                <span>\r\n                                  <nz-date-picker [(ngModel)]=\"GanttInfo.currentTask.actualStartDate\" (ngModelChange)=\"updateTasks()\"\r\n                                    [nzAllowClear]=\"false\"></nz-date-picker>\r\n                                </span>\r\n                            </p>\r\n                            <p class=\"item\">\r\n                                <label for=\"\">实际完成时间：</label>\r\n                                <span>\r\n                                  <nz-date-picker [(ngModel)]=\"GanttInfo.currentTask.actualEndDate\" (ngModelChange)=\"updateTasks()  \"\r\n                                    [nzAllowClear]=\"false\"></nz-date-picker>\r\n                                </span>\r\n                            </p>\r\n                            <p class=\"item edit\">\r\n                                <label style=\"width: 60px\" for=\"\">实际工期：</label>\r\n                                <span>{{GanttInfo.currentTask.actualDuration}}</span>\r\n                            </p>\r\n                        </div>\r\n                    </ng-container>\r\n                </div> -->\r\n            </div>\r\n        </div>\r\n        <!-- 进度容器 -->\r\n    </div>\r\n    <!-- <div class=\"separate\">\r\n        <app-resize-bar [lazyMove]=\"true\" [mode]=\"'single-width'\" [single]=\"schedulePnlStyleModel\" (resizeCallback)=\"outerResizeCallback($event)\">\r\n        </app-resize-bar>\r\n    </div> -->\r\n</div>\r\n\r\n<!-- <nz-modal class=\"settingModal\" [nzVisible]=\"ganttHelperService.settingVisible\" [nzTitle]=\"'设置'\" [nzContent]=\"settingContent\" (nzOnCancel)=\"ganttHelperService.settingCancel()\" (nzOnOk)=\"ganttHelperService.settingSave()\">\r\n    <ng-template #settingContent>\r\n        <div class=\"content\" *ngIf=\"ganttHelperService.editInfo\">\r\n            <div class=\"name\">\r\n                <span>任务名称：</span>\r\n                <input nz-input [(ngModel)]=\"ganttHelperService.editInfo.taskName\">\r\n            </div>\r\n            <div class=\"duration\">\r\n                <span>工期：</span>\r\n                <nz-input-number [(ngModel)]=\"ganttHelperService.editInfo.showDuration\" [nzSize]=\"'small'\" [nzMin]=\"1\" [nzStep]=\"1\"></nz-input-number>\r\n            </div>\r\n            <p class=\"line\">\r\n                <span>前置任务</span>\r\n            </p>\r\n            <div class=\"relation\" *ngIf=\"GanttInfo.allTasks.length > 0 \">\r\n                <div class=\"title\">\r\n                    <span>标识</span>\r\n                    <span>任务名</span>\r\n                    <span>类型</span>\r\n                    <span>延隔天数</span>\r\n                </div>\r\n                <div class=\"row\" *ngFor=\"let item of ganttHelperService.editInfo.relations;let i = index\">\r\n                    <ng-container *ngIf=\"item.isDelete == 0\">\r\n                        <div class=\"item\">\r\n                            <nz-input-number [(ngModel)]=\"item.prevId\" [nzSize]=\"'small'\" [nzMin]=\"1\" [nzMax]=\"GanttInfo.allTasks.length\" [nzStep]=\"1\"></nz-input-number>\r\n                        </div>\r\n                        <div class=\"item\">\r\n                            <nz-select style=\"width: 160px;\" placeholder=\"'选择一个任务'\" [(ngModel)]=\"item.prevId\" [nzShowSearch]=\"true\">\r\n                                <nz-option *ngFor=\"let option of GanttInfo.allTasks\" [nzLabel]=\"option.id+':'+option.taskName\" [nzValue]=\"option.id\">\r\n                                </nz-option>\r\n                            </nz-select>\r\n                        </div>\r\n                        <div class=\"item\">\r\n                            <nz-select [(ngModel)]=\"item.relation\" placeholder=\"'choose option'\">\r\n                                <nz-option [nzLabel]=\"'完成-完成(FF)'\" [nzValue]=\"PREVTYPE.FF\"></nz-option>\r\n                                <nz-option [nzLabel]=\"'完成-开始(FS)'\" [nzValue]=\"PREVTYPE.FS\"></nz-option>\r\n                                <nz-option [nzLabel]=\"'开始-完成(SF)'\" [nzValue]=\"PREVTYPE.SF\"></nz-option>\r\n                                <nz-option [nzLabel]=\"'开始-开始(SS)'\" [nzValue]=\"PREVTYPE.SS\"></nz-option>\r\n                            </nz-select>\r\n                        </div>\r\n                        <div class=\"item\">\r\n                            <nz-input-number [(ngModel)]=\"item.delay\" [nzSize]=\"'small'\" [nzMin]=\"0\" [nzStep]=\"1\"></nz-input-number>\r\n                        </div>\r\n                        <i class=\"anticon anticon-delete\" (click)=\"ganttHelperService.deleteRelation(i)\"></i>\r\n                        <i *ngIf=\"i == ganttHelperService.editInfo.relations.length-1\" class=\"anticon anticon-plus\" (click)=\"ganttHelperService.addRelation()\"></i>\r\n                    </ng-container>\r\n                </div>\r\n            </div>\r\n        </div>\r\n    </ng-template>\r\n</nz-modal> -->","styles":["@charset \"UTF-8\";:host ::ng-deep .ant-menu-item-selected::after{opacity:0}::ng-deep .common-main-wrap .common-main-hd .common-bread-search{margin-top:0}a:active,a:focus,a:hover{outline:0;text-decoration:none}.zzj-scrollbar::-webkit-scrollbar{width:8px;height:6px;overflow:hidden}.zzj-scrollbar::-webkit-scrollbar-track{background-color:transparent}.zzj-scrollbar::-webkit-scrollbar-thumb{background-color:#acacac}.hidden-row{white-space:nowrap;overflow:hidden;text-overflow:ellipsis;max-width:100px}.hidden-row.long{max-width:150px}.hidden-row.longer{max-width:180px}.hidden-row.longest{max-width:210px}.hidden-row.auto{max-width:auto}.breadcrumb{height:70px;line-height:50px;font-size:14px;overflow:hidden}.breadcrumb .head-left{float:left}.breadcrumb .head-right{float:right}.common-bread-search{float:right;margin-top:10px;min-width:280px}.common-main-wrap{margin:30px}.common-main-wrap .common-main-hd{min-height:70px;padding-bottom:10px;line-height:50px;position:relative;z-index:5;overflow:hidden}.common-main-wrap .common-main-hd .common-bread-crumb{float:left;margin-top:23px}.common-main-wrap .common-main-hd .common-bread-search{float:right;margin-top:10px;min-width:280px}.common-main-wrap .common-main-hd .common-table-filter{float:right;margin-top:10px}@media screen and (max-width:1200px){.common-main-wrap .common-main-hd .common-bread-crumb,.common-main-wrap .common-main-hd .common-table-filter{float:none;display:block}}.common-main-wrap .common-main-cont{position:relative;height:auto}.common-table-wrap{border-radius:5px;overflow:hidden;background:#fff;box-shadow:0 0 8px #ddd}.common-table-wrap.auto .ant-table-wrapper{min-width:auto}.common-table-wrap .common-table-cont{max-height:660px;height:640px}.common-table-wrap .common-table-cont .ant-table-thead .ant-table-row th{background:-webkit-gradient(linear,left top,left bottom,from(#fff),to(#f8f8f8));background:linear-gradient(#fff,#f8f8f8);padding:10px}.common-table-wrap .ant-table-wrapper{overflow-x:auto;min-width:1300px}.common-table-wrap .common-pager{margin:10px;text-align:center;position:relative}.common-table-wrap .common-pager .common-pager-helper{float:left}.input-file{width:0;height:0;overflow:hidden;position:absolute;left:0;top:0;border:none;outline:0;box-shadow:none;opacity:0;cursor:pointer}.inner-layout,.outer-layout{height:60px;box-shadow:0 0 8px #ddd;position:relative;z-index:100;background:#fff;padding:0 25px}.inner-layout .inner-layout-left,.inner-layout .outer-layout-left,.outer-layout .inner-layout-left,.outer-layout .outer-layout-left{line-height:60px;float:left}.inner-layout .inner-layout-left img,.inner-layout .outer-layout-left img,.outer-layout .inner-layout-left img,.outer-layout .outer-layout-left img{vertical-align:middle}.inner-layout .inner-layout-right,.inner-layout .outer-layout-right,.outer-layout .inner-layout-right,.outer-layout .outer-layout-right{float:right;line-height:60px}.inner-layout .inner-layout-right a,.inner-layout .outer-layout-right a,.outer-layout .inner-layout-right a,.outer-layout .outer-layout-right a{color:#000}.inner-layout .inner-layout-right .inner-layout-right-user,.inner-layout .inner-layout-right .outer-layout-right-user,.inner-layout .outer-layout-right .inner-layout-right-user,.inner-layout .outer-layout-right .outer-layout-right-user,.outer-layout .inner-layout-right .inner-layout-right-user,.outer-layout .inner-layout-right .outer-layout-right-user,.outer-layout .outer-layout-right .inner-layout-right-user,.outer-layout .outer-layout-right .outer-layout-right-user{width:30px;height:30px}.common-table-status-green{color:#75bf03}.common-table-status-orange{color:orange}.common-table-status-red{color:red}.common-table-status-gray{color:#ccc}::ng-deep .ant-table-thead>tr>th{background-color:#fff}:host ::ng-deep .ant-tree li span.ant-tree-switcher.ant-tree-switcher_close .ant-tree-switcher-icon svg{width:18px;height:18px}:host ::ng-deep .ant-tree li span.ant-tree-switcher.ant-tree-switcher_open .ant-tree-switcher-icon svg{width:18px;height:18px}:host ::ng-deep .ant-table-fixed-header .ant-table-scroll .ant-table-header{overflow-y:hidden}::ng-deep.ant-input-affix-wrapper .ant-input-suffix{right:0}::ng-deep.ant-input-search.ant-input-search-enter-button>.ant-input{padding-right:46px}:host ::ng-deep .ant-table-body::-webkit-scrollbar{width:8px;height:6px;overflow:hidden}:host ::ng-deep .ant-table-body::-webkit-scrollbar-track{background-color:transparent}:host ::ng-deep .ant-table-body::-webkit-scrollbar-thumb{background-color:#acacac}::ng-deep .ant-modal-body{box-sizing:border-box}::ng-deep .ant-col-4{text-align:center}::ng-deep .ant-pagination-item-active,::ng-deep .ant-pagination-item-active:hover{background-color:#419fe8}::ng-deep .ant-pagination-item-active a,::ng-deep .ant-pagination-item-active:hover a{color:#fff}.ant-btn-primary:hover{background-color:#3d8fcd;border-color:#3d8fcd}.ant-btn-primary.disabled:hover,.ant-btn-primary[disabled],.ant-btn-primary[disabled]:hover{background-color:#f5f5f5;border-color:#d9d9d9}::ng-deep .ant-modal-close:hover{color:#419fe8!important}::ng-deep .ant-modal-confirm-error{top:300px}::ng-deep .ant-modal-confirm-confirm{top:300px}::ng-deep .ant-modal-confirm-btns .ant-btn:first-child{border-color:#d9d9d9;color:rgba(0,0,0,.65)}::ng-deep .ant-modal-confirm-btns .ant-btn:first-child:hover{color:#6cbef5;background-color:#fff;border-color:#6cbef5}.breadcrumb{color:#acacac}::ng-deep .ant-select-dropdown-menu::-webkit-scrollbar{width:8px;height:6px;overflow:hidden}::ng-deep .ant-select-dropdown-menu::-webkit-scrollbar-track{background-color:transparent}::ng-deep .ant-select-dropdown-menu::-webkit-scrollbar-thumb{background-color:#acacac}::ng-deep .ant-modal-header{padding-right:40px}::ng-deep .ant-table-placeholder{border-left:1px solid #e8e8e8;border-right:1px solid #e8e8e8}.progress{height:100%;background-color:#fff;z-index:802;border:1px solid #333}.progress .maskLoading{background:rgba(233,233,233,.5);position:absolute;z-index:999;left:0;right:0;bottom:0;top:0}.progress .maskLoading .ant-spin-nested-loading{position:absolute;left:50%;top:50%;-webkit-transform:translateX(-50%) translateY(-50%);transform:translateX(-50%) translateY(-50%)}.progress .btn-container{position:absolute;left:-40px;display:-webkit-box;display:flex;-webkit-box-pack:center;justify-content:center;-webkit-box-align:center;align-items:center;background-color:#333;opacity:.36;width:40px;height:40px;cursor:pointer}.progress .progress-item{height:100%;-webkit-transition:.3s;transition:.3s;font-size:12px}::ng-deep .gantt-container{height:100%;width:100%;overflow:hidden}::ng-deep .gantt-container .header-box{width:100%;height:40px;background:#f9f9f9;line-height:40px;border-bottom:1px solid #e5e5e5}::ng-deep .gantt-container .header-box .button{float:right;padding:0 10px;color:#419fe8;border-radius:3px;cursor:pointer}::ng-deep .gantt-container .header-box .title{padding:0 20px;max-width:300px;overflow:hidden;text-overflow:ellipsis;white-space:nowrap;float:left}::ng-deep .gantt-container .header-box .anticon-menu-unfold{cursor:pointer}::ng-deep .gantt-container .gantt-panel{height:100%;overflow:hidden;position:relative}::ng-deep .gantt-container .top-box{overflow:hidden;position:relative}::ng-deep .gantt-container .bottom-box{position:relative;-webkit-transition:.5s;transition:.5s}::ng-deep .gantt-container .bottom-box .fold{display:inline-block;position:absolute;right:20px;font-size:22px;cursor:pointer;top:10px;z-index:9}::ng-deep .gantt-container .bottom-box p.item{display:inline-block;margin:10px 48px 10px 16px}::ng-deep .gantt-container .bottom-box p.item label{display:inline-block;width:90px}::ng-deep .gantt-container .bottom-box p.item input{width:170px}::ng-deep .gantt-container .bottom-box p.edit:hover{cursor:pointer;color:#419fe8}::ng-deep .dialog-newProgress .top-form .row{margin:10px 0}::ng-deep .dialog-newProgress .expect-day .list{max-height:200px;overflow:hidden;overflow-y:auto;padding:0 20px;margin-bottom:20px}::ng-deep .dialog-newProgress .expect-day .list .row{margin:10px 0}::ng-deep .dialog-newProgress .expect-day .list .row input{width:120px;margin-right:10px}::ng-deep .dialog-newProgress .expect-day .list .row .ant-calendar-picker{width:120px}::ng-deep .dialog-newProgress .expect-weekday .list{padding:0 20px}::ng-deep .dialog-newProgress .expect-weekday .row{margin:10px 0}::ng-deep .dialog-newProgress p.title{padding:15px 15px 8px;font-size:14px;border-bottom:1px solid #d9d9d9;color:#199d89;margin-bottom:20px}:host ::ng-deep .gantt-mask{position:absolute;top:40px;width:100%;height:100%;background:rgba(233,233,233,.5);z-index:9;text-align:center}:host ::ng-deep .gantt-mask nz-spin{position:absolute;top:50%;-webkit-transform:translateY(-50%);transform:translateY(-50%)}:host ::ng-deep .gantt-mask .warnning{text-align:center;color:#419fe8;margin-top:200px;font-size:24px}.handlerArea{position:absolute;left:0;bottom:0;top:0;right:0}.separate{width:2px;height:100%;float:left;cursor:col-resize;z-index:801;background:#ccc;-webkit-transition:.3s;transition:.3s}.task-box{float:left;position:relative;height:100%}.gantt-box{position:relative;float:left;height:100%;overflow:hidden}.scrollBar{width:20px;position:absolute;top:50px;bottom:0;right:0;overflow:hidden;overflow-y:scroll;z-index:1}::ng-deep .settingModal .ant-modal-content{width:700px}::ng-deep .settingModal .name{display:inline-block;margin-left:10px}::ng-deep .settingModal .name input{width:200px}::ng-deep .settingModal .duration{display:inline-block;margin-left:20px}::ng-deep .settingModal .duration nz-input-number{width:100px}::ng-deep .settingModal .line{margin-top:10px;position:relative;height:20px;border-bottom:1px solid #419fe8;margin-bottom:10px;width:100%}::ng-deep .settingModal .line span{position:absolute;color:#419fe8;padding:10px;background:#fff;left:50%;-webkit-transform:translateX(-50%);transform:translateX(-50%)}::ng-deep .settingModal .relation{margin-top:15px}::ng-deep .settingModal .relation .row{width:100%;height:40px;line-height:40px;padding:0 10px}::ng-deep .settingModal .relation .title{padding:10px}::ng-deep .settingModal .relation .title span{display:inline-block;text-align:center}::ng-deep .settingModal .relation .title span:nth-child(1){width:80px}::ng-deep .settingModal .relation .title span:nth-child(2){width:180px}::ng-deep .settingModal .relation .title span:nth-child(3){width:130px}::ng-deep .settingModal .relation .title span:nth-child(4){width:100px}::ng-deep .settingModal .relation .row .item{display:inline-block}::ng-deep .settingModal .relation .row .item:nth-child(1){width:80px}::ng-deep .settingModal .relation .row .item:nth-child(2){width:180px;text-align:center}::ng-deep .settingModal .relation .row .item:nth-child(2) nz-select{width:160px}::ng-deep .settingModal .relation .row .item:nth-child(3){width:160px;text-align:center}::ng-deep .settingModal .relation .row .item:nth-child(4){width:100px}::ng-deep .settingModal .relation .anticon-delete{margin-left:5px}::ng-deep .settingModal .ant-input-number-input{height:auto}:host ::ng-deep .ant-input{height:30px;font-size:12px}::ng-deep .ganttList .ant-modal-footer{display:none}.listContent{max-height:500px;overflow:auto}.listContent .item{padding:10px;border-bottom:1px solid #e8e8e8;cursor:pointer}.listContent .item span{display:inline-block;width:360px;overflow:hidden;text-overflow:ellipsis;white-space:nowrap}.listContent .item span:hover{color:#419fe8}.listContent .item i{color:#419fe8;padding:0 10px;cursor:pointer}.listContent .item:hover{background:rgba(204,204,204,.24)}::ng-deep .createGanttModal .row .title{border-left:3px solid #2dbdc5;padding:3px 10px;margin:10px 0;display:block}"]}]}],"members":{"taskbox":[{"__symbolic":"property","decorators":[{"__symbolic":"call","expression":{"__symbolic":"reference","module":"@angular/core","name":"ViewChild","line":19,"character":3},"arguments":["taskbox",{"static":false}]}]}],"ganttContainer":[{"__symbolic":"property","decorators":[{"__symbolic":"call","expression":{"__symbolic":"reference","module":"@angular/core","name":"ViewChild","line":20,"character":3},"arguments":["ganttContainer",{"static":false}]}]}],"container":[{"__symbolic":"property","decorators":[{"__symbolic":"call","expression":{"__symbolic":"reference","module":"@angular/core","name":"ViewChild","line":21,"character":3},"arguments":["container",{"static":false}]}]}],"ganttPanel":[{"__symbolic":"property","decorators":[{"__symbolic":"call","expression":{"__symbolic":"reference","module":"@angular/core","name":"ViewChild","line":23,"character":3},"arguments":[{"__symbolic":"reference","name":"ɵc"},{"static":false}]}]}],"ganttId":[{"__symbolic":"property","decorators":[{"__symbolic":"call","expression":{"__symbolic":"reference","module":"@angular/core","name":"Input","line":36,"character":3}}]}],"mppShowBottomPanel":[{"__symbolic":"property","decorators":[{"__symbolic":"call","expression":{"__symbolic":"reference","module":"@angular/core","name":"Input","line":38,"character":3}}]}],"__ctor__":[{"__symbolic":"constructor","parameterDecorators":[null,null,null,[{"__symbolic":"call","expression":{"__symbolic":"reference","module":"@angular/core","name":"Inject","line":90,"character":5},"arguments":["PREVTYPE"]}],null,null],"parameters":[{"__symbolic":"reference","module":"@angular/core","name":"ElementRef","line":87,"character":24},{"__symbolic":"reference","name":"ɵd"},{"__symbolic":"reference","module":"ng-zorro-antd","name":"NzMessageService","line":89,"character":21},{"__symbolic":"reference","name":"any"},{"__symbolic":"reference","name":"GanttRequestService"},{"__symbolic":"reference","module":"@angular/core","name":"ElementRef","line":87,"character":24}]}],"initProject":[{"__symbolic":"method"}],"outerResizeCallback":[{"__symbolic":"method"}],"updateTasks":[{"__symbolic":"method"}],"ngOnInit":[{"__symbolic":"method"}],"initTasks":[{"__symbolic":"method"}],"downloadXML":[{"__symbolic":"method"}],"getGanttTaskList":[{"__symbolic":"method"}],"resizeCallback":[{"__symbolic":"method"}],"dragstartHandler":[{"__symbolic":"method"}],"ngAfterViewInit":[{"__symbolic":"method"}],"refreshViewHeight":[{"__symbolic":"method"}],"getScrollHeight":[{"__symbolic":"method"}],"windowResize":[{"__symbolic":"method"}],"scrollHandler":[{"__symbolic":"method"}],"mousewheelhandler":[{"__symbolic":"method"}],"newTaskBlur":[{"__symbolic":"method"}],"changeStartDate":[{"__symbolic":"method"}],"changeEndDate":[{"__symbolic":"method"}],"deletDate":[{"__symbolic":"method"}],"addDate":[{"__symbolic":"method"}]}},"XmppOptions":{"__symbolic":"interface"},"UInfoModel":{"__symbolic":"class","members":{"__ctor__":[{"__symbolic":"constructor","parameters":[{"__symbolic":"reference","name":"any"}]}]}},"XmppColumn":{"__symbolic":"interface"},"IXmpp":{"__symbolic":"interface"},"IMPPProject":{"__symbolic":"interface"},"IMppCalendar":{"__symbolic":"interface"},"IMppWeekDay":{"__symbolic":"interface"},"IMppCalendarException":{"__symbolic":"interface"},"IMppTask":{"__symbolic":"interface"},"IMppExtendAttr":{"__symbolic":"interface"},"XmppTaskExtendedAttribute":{"__symbolic":"interface"},"XmppResource":{"__symbolic":"interface"},"XmppWeekDay":{"__symbolic":"interface"},"XmppExceptDate":{"__symbolic":"interface"},"XmppTask":{"__symbolic":"class","members":{"__ctor__":[{"__symbolic":"constructor","parameters":[{"__symbolic":"reference","name":"any"}]}],"toJson":[{"__symbolic":"method"}],"toEditJson":[{"__symbolic":"method"}],"toMpp":[{"__symbolic":"method"}],"getMomentStart":[{"__symbolic":"method"}],"handleStartDate":[{"__symbolic":"method"}],"handleEndDate":[{"__symbolic":"method"}],"handleDuration":[{"__symbolic":"method"}],"handleActualStartDate":[{"__symbolic":"method"}],"handleActualEndDate":[{"__symbolic":"method"}],"handleActualDuration":[{"__symbolic":"method"}]}},"XmppPredecessorLink":{"__symbolic":"class","members":{"__ctor__":[{"__symbolic":"constructor","parameters":[null]}]}},"PREVTYPE":{"FF":0,"FS":1,"SF":2,"SS":3},"EXTENDATTRS":{"binding":{"FieldID":"188744016","FieldName":"ARCHGL_BINDING_COMPONENTS"},"extraParam":{"FieldID":"188744017","FieldName":"ARCHGL_EXTRA_PARAM"}},"GanttMethod":{"__symbolic":"class","members":{},"statics":{"mpp":{},"canvas":{},"tasks":{},"predecessorLink":{},"date":{},"server":{}}},"Xmpp":{"__symbolic":"class","members":{"__ctor__":[{"__symbolic":"constructor"}]}},"GanttSize":{"bottomHeight":300,"taskHeight":36,"calenderBaseWidth":25},"GanttProjectModel":{"__symbolic":"class","members":{"__ctor__":[{"__symbolic":"constructor","parameters":[null]}],"toCreateJson":[{"__symbolic":"method"}]}},"PROJECTID":"bf894bfd-80ad-417d-bd31-a8af3200025c","GanttRequestService":{"__symbolic":"class","decorators":[{"__symbolic":"call","expression":{"__symbolic":"reference","module":"@angular/core","name":"Injectable","line":7,"character":1},"arguments":[{"providedIn":"root"}]}],"members":{"__ctor__":[{"__symbolic":"constructor","parameters":[{"__symbolic":"reference","name":"ɵe"}]}],"uploadMMP":[{"__symbolic":"method"}],"uploadMppWithOutSave":[{"__symbolic":"method"}],"updateGantt":[{"__symbolic":"method"}],"getGanttList":[{"__symbolic":"method"}],"deleteGantt":[{"__symbolic":"method"}],"updateTask":[{"__symbolic":"method"}],"getTasksList":[{"__symbolic":"method"}],"getGanttInfo":[{"__symbolic":"method"}],"putTasks":[{"__symbolic":"method"}],"postGantt":[{"__symbolic":"method"}],"postGanttBindingAttr":[{"__symbolic":"method"}],"getGanttAttrs":[{"__symbolic":"method"}],"getTaskAttrs":[{"__symbolic":"method"}],"bindTaskExtendedAttribute":[{"__symbolic":"method"}],"updateExtendedAttrbute":[{"__symbolic":"method"}]},"statics":{"ngInjectableDef":{}}},"Project":{"__symbolic":"class","members":{},"statics":{"resolver":{"__symbolic":"error","message":"Variable not initialized","line":4,"character":11}}},"ɵa":{"__symbolic":"class","decorators":[{"__symbolic":"call","expression":{"__symbolic":"reference","module":"@angular/core","name":"NgModule","line":4,"character":1},"arguments":[{"declarations":[{"__symbolic":"reference","name":"ɵb"}],"imports":[{"__symbolic":"reference","module":"@angular/common","name":"CommonModule","line":7,"character":4}],"exports":[{"__symbolic":"reference","name":"ɵb"}]}]}],"members":{}},"ɵb":{"__symbolic":"class","decorators":[{"__symbolic":"call","expression":{"__symbolic":"reference","module":"@angular/core","name":"Pipe","line":3,"character":1},"arguments":[{"name":"datePipe"}]}],"members":{"transform":[{"__symbolic":"method"}]}},"ɵc":{"__symbolic":"class","decorators":[{"__symbolic":"call","expression":{"__symbolic":"reference","module":"@angular/core","name":"Component","line":3,"character":1},"arguments":[{"selector":"app-gantt-box","template":"<div class=\"ganttGanttBox\">\r\n    <canvas id=\"myCanvas\" #myCanvas [width]=\"Xmpp.draw.canvasWidth\" [height]=\"Xmpp.draw.canvasHeight\"></canvas>\r\n    <canvas id=\"maskCanvas\" #maskCanvas [width]=\"Xmpp.draw.canvasWidth\" [height]=\"Xmpp.draw.canvasHeight\"></canvas>\r\n    <div class=\"task-list zzj-scrollbar\" (scroll)=\"boxScroll($event)\">\r\n        <div class=\"toolHeader\">\r\n            <div class=\"uprow\" [style.width]=\"calendarWidth +'px'\">\r\n                <div *ngFor=\"let week of weeksArry\" class=\"weeks\" [style.width]=\"Xmpp.calendar.baseCellWidth*7 + 'px'\">\r\n                    {{week}}\r\n                </div>\r\n                <div class=\"clearfix\"></div>\r\n            </div>\r\n            <div class=\"downrow\" [style.width]=\"calendarWidth +'px'\">\r\n                <div class=\"weeksContent\" *ngIf=\"Xmpp.calendar.baseCellWidth > 15\">\r\n                    <div class=\"weeksArry\" *ngFor=\"let week of weeksArry\">\r\n                        <div class=\"weekday\" [style.width]=\"Xmpp.calendar.baseCellWidth + 'px'\" *ngFor=\"let day of Xmpp.calendar.weekDays\">{{day.dayText}}\r\n                        </div>\r\n                    </div>\r\n                </div>\r\n            </div>\r\n        </div>\r\n        <nz-spin [nzSize]=\"'large'\" *ngIf=\"loadingShow\"></nz-spin>\r\n        <div class=\"ganttBack\" [ngStyle]=\"{'width':calendarWidth+'px'}\"></div>\r\n    </div>\r\n</div>","styles":["@charset \"UTF-8\";:host ::ng-deep .ant-menu-item-selected::after{opacity:0}::ng-deep .common-main-wrap .common-main-hd .common-bread-search{margin-top:0}a:active,a:focus,a:hover{outline:0;text-decoration:none}.zzj-scrollbar::-webkit-scrollbar{width:8px;height:6px;overflow:hidden}.zzj-scrollbar::-webkit-scrollbar-track{background-color:transparent}.zzj-scrollbar::-webkit-scrollbar-thumb{background-color:#acacac}.hidden-row{white-space:nowrap;overflow:hidden;text-overflow:ellipsis;max-width:100px}.hidden-row.long{max-width:150px}.hidden-row.longer{max-width:180px}.hidden-row.longest{max-width:210px}.hidden-row.auto{max-width:auto}.breadcrumb{height:70px;line-height:50px;font-size:14px;overflow:hidden}.breadcrumb .head-left{float:left}.breadcrumb .head-right{float:right}.common-bread-search{float:right;margin-top:10px;min-width:280px}.common-main-wrap{margin:30px}.common-main-wrap .common-main-hd{min-height:70px;padding-bottom:10px;line-height:50px;position:relative;z-index:5;overflow:hidden}.common-main-wrap .common-main-hd .common-bread-crumb{float:left;margin-top:23px}.common-main-wrap .common-main-hd .common-bread-search{float:right;margin-top:10px;min-width:280px}.common-main-wrap .common-main-hd .common-table-filter{float:right;margin-top:10px}@media screen and (max-width:1200px){.common-main-wrap .common-main-hd .common-bread-crumb,.common-main-wrap .common-main-hd .common-table-filter{float:none;display:block}}.common-main-wrap .common-main-cont{position:relative;height:auto}.common-table-wrap{border-radius:5px;overflow:hidden;background:#fff;box-shadow:0 0 8px #ddd}.common-table-wrap.auto .ant-table-wrapper{min-width:auto}.common-table-wrap .common-table-cont{max-height:660px;height:640px}.common-table-wrap .common-table-cont .ant-table-thead .ant-table-row th{background:-webkit-gradient(linear,left top,left bottom,from(#fff),to(#f8f8f8));background:linear-gradient(#fff,#f8f8f8);padding:10px}.common-table-wrap .ant-table-wrapper{overflow-x:auto;min-width:1300px}.common-table-wrap .common-pager{margin:10px;text-align:center;position:relative}.common-table-wrap .common-pager .common-pager-helper{float:left}.input-file{width:0;height:0;overflow:hidden;position:absolute;left:0;top:0;border:none;outline:0;box-shadow:none;opacity:0;cursor:pointer}.inner-layout,.outer-layout{height:60px;box-shadow:0 0 8px #ddd;position:relative;z-index:100;background:#fff;padding:0 25px}.inner-layout .inner-layout-left,.inner-layout .outer-layout-left,.outer-layout .inner-layout-left,.outer-layout .outer-layout-left{line-height:60px;float:left}.inner-layout .inner-layout-left img,.inner-layout .outer-layout-left img,.outer-layout .inner-layout-left img,.outer-layout .outer-layout-left img{vertical-align:middle}.inner-layout .inner-layout-right,.inner-layout .outer-layout-right,.outer-layout .inner-layout-right,.outer-layout .outer-layout-right{float:right;line-height:60px}.inner-layout .inner-layout-right a,.inner-layout .outer-layout-right a,.outer-layout .inner-layout-right a,.outer-layout .outer-layout-right a{color:#000}.inner-layout .inner-layout-right .inner-layout-right-user,.inner-layout .inner-layout-right .outer-layout-right-user,.inner-layout .outer-layout-right .inner-layout-right-user,.inner-layout .outer-layout-right .outer-layout-right-user,.outer-layout .inner-layout-right .inner-layout-right-user,.outer-layout .inner-layout-right .outer-layout-right-user,.outer-layout .outer-layout-right .inner-layout-right-user,.outer-layout .outer-layout-right .outer-layout-right-user{width:30px;height:30px}.common-table-status-green{color:#75bf03}.common-table-status-orange{color:orange}.common-table-status-red{color:red}.common-table-status-gray{color:#ccc}::ng-deep .ant-table-thead>tr>th{background-color:#fff}:host ::ng-deep .ant-tree li span.ant-tree-switcher.ant-tree-switcher_close .ant-tree-switcher-icon svg{width:18px;height:18px}:host ::ng-deep .ant-tree li span.ant-tree-switcher.ant-tree-switcher_open .ant-tree-switcher-icon svg{width:18px;height:18px}:host ::ng-deep .ant-table-fixed-header .ant-table-scroll .ant-table-header{overflow-y:hidden}::ng-deep.ant-input-affix-wrapper .ant-input-suffix{right:0}::ng-deep.ant-input-search.ant-input-search-enter-button>.ant-input{padding-right:46px}:host ::ng-deep .ant-table-body::-webkit-scrollbar{width:8px;height:6px;overflow:hidden}:host ::ng-deep .ant-table-body::-webkit-scrollbar-track{background-color:transparent}:host ::ng-deep .ant-table-body::-webkit-scrollbar-thumb{background-color:#acacac}::ng-deep .ant-modal-body{box-sizing:border-box}::ng-deep .ant-col-4{text-align:center}::ng-deep .ant-pagination-item-active,::ng-deep .ant-pagination-item-active:hover{background-color:#419fe8}::ng-deep .ant-pagination-item-active a,::ng-deep .ant-pagination-item-active:hover a{color:#fff}.ant-btn-primary:hover{background-color:#3d8fcd;border-color:#3d8fcd}.ant-btn-primary.disabled:hover,.ant-btn-primary[disabled],.ant-btn-primary[disabled]:hover{background-color:#f5f5f5;border-color:#d9d9d9}::ng-deep .ant-modal-close:hover{color:#419fe8!important}::ng-deep .ant-modal-confirm-error{top:300px}::ng-deep .ant-modal-confirm-confirm{top:300px}::ng-deep .ant-modal-confirm-btns .ant-btn:first-child{border-color:#d9d9d9;color:rgba(0,0,0,.65)}::ng-deep .ant-modal-confirm-btns .ant-btn:first-child:hover{color:#6cbef5;background-color:#fff;border-color:#6cbef5}.breadcrumb{color:#acacac}::ng-deep .ant-select-dropdown-menu::-webkit-scrollbar{width:8px;height:6px;overflow:hidden}::ng-deep .ant-select-dropdown-menu::-webkit-scrollbar-track{background-color:transparent}::ng-deep .ant-select-dropdown-menu::-webkit-scrollbar-thumb{background-color:#acacac}::ng-deep .ant-modal-header{padding-right:40px}::ng-deep .ant-table-placeholder{border-left:1px solid #e8e8e8;border-right:1px solid #e8e8e8}.ganttGanttBox{position:absolute;top:0;bottom:0;overflow:hidden;right:0;left:0}.ganttGanttBox canvas{position:absolute;left:0;right:0;top:50px;bottom:0;z-index:99}.ganttGanttBox #maskCanvas{z-index:100}.task-list{position:absolute;top:0;bottom:0;left:0;right:0;overflow:hidden;overflow-x:auto}.task-list .row{height:40px;border-bottom:1px solid #e5e5e5;background:#fff}.task-list .ganttBack{height:100%;position:absolute;top:0}.toolHeader{background:#fff;height:50px;color:#000;text-align:center}.toolHeader .uprow{height:50%;border-bottom:1px solid #e5e5e5;text-align:left}.toolHeader .uprow .weeks{height:100%;border-right:1px solid #e5e5e5;display:inline-block;text-align:center}.toolHeader .downrow{height:50%;border-bottom:1px solid #e5e5e5}.toolHeader .downrow .weeksContent{height:100%}.toolHeader .downrow .weeksArry{height:100%;float:left}.toolHeader .downrow .weekday{border-right:1px solid #e5e5e5;height:100%;float:left}:host ::ng-deep .ganttGanttBox .task-list nz-spin{position:absolute;top:50%;left:50%;z-index:3}:host ::ng-deep .ganttGanttBox .task-list .mask{position:absolute;top:0;left:0;right:0;bottom:0;background:rgba(0,0,0,.5);z-index:2}"]}]}],"members":{"canvasRef":[{"__symbolic":"property","decorators":[{"__symbolic":"call","expression":{"__symbolic":"reference","module":"@angular/core","name":"ViewChild","line":9,"character":3},"arguments":["myCanvas",{"static":false}]}]}],"maskCanvas":[{"__symbolic":"property","decorators":[{"__symbolic":"call","expression":{"__symbolic":"reference","module":"@angular/core","name":"ViewChild","line":10,"character":3},"arguments":["maskCanvas",{"static":false}]}]}],"canvasInfo":[{"__symbolic":"property","decorators":[{"__symbolic":"call","expression":{"__symbolic":"reference","module":"@angular/core","name":"Input","line":12,"character":3}}]}],"Xmpp":[{"__symbolic":"property","decorators":[{"__symbolic":"call","expression":{"__symbolic":"reference","module":"@angular/core","name":"Input","line":15,"character":3}}]}],"__ctor__":[{"__symbolic":"constructor"}],"ngOnInit":[{"__symbolic":"method"}],"doMouseMove":[{"__symbolic":"method"}],"changeWidth":[{"__symbolic":"method"}],"boxScroll":[{"__symbolic":"method"}],"drawCanvas":[{"__symbolic":"method"}]}},"ɵd":{"__symbolic":"class","decorators":[{"__symbolic":"call","expression":{"__symbolic":"reference","module":"@angular/core","name":"Injectable","line":6,"character":1},"arguments":[{"providedIn":"root"}]}],"members":{"__ctor__":[{"__symbolic":"constructor","parameters":[{"__symbolic":"reference","module":"ng-zorro-antd","name":"NzMessageService","line":16,"character":21},{"__symbolic":"reference","name":"GanttRequestService"}]}],"dealwithPredecessorLink":[{"__symbolic":"method"}],"showRelation":[{"__symbolic":"method"}],"translateNumber":[{"__symbolic":"method"}]},"statics":{"ngInjectableDef":{}}},"ɵe":{"__symbolic":"class","decorators":[{"__symbolic":"call","expression":{"__symbolic":"reference","module":"@angular/core","name":"Injectable","line":5,"character":1},"arguments":[{"providedIn":"root"}]}],"members":{"__ctor__":[{"__symbolic":"constructor","parameters":[{"__symbolic":"reference","module":"@angular/common/http","name":"HttpClient","line":11,"character":18}]}],"get":[{"__symbolic":"method"}],"post":[{"__symbolic":"method"}],"put":[{"__symbolic":"method"}],"delete":[{"__symbolic":"method"}],"checkResponeData":[{"__symbolic":"method"}],"throwError":[{"__symbolic":"method"}],"creatHeader":[{"__symbolic":"method"}],"getAPDToken":[{"__symbolic":"method"}],"getSSO":[{"__symbolic":"method"}],"postSSO":[{"__symbolic":"method"}],"putSSO":[{"__symbolic":"method"}],"deleteSSO":[{"__symbolic":"method"}],"creatSSOHeader":[{"__symbolic":"method"}],"getSSOToken":[{"__symbolic":"method"}]},"statics":{"ngInjectableDef":{}}},"ɵf":{"__symbolic":"class","decorators":[{"__symbolic":"call","expression":{"__symbolic":"reference","module":"@angular/core","name":"Component","line":1,"character":1},"arguments":[{"selector":"app-resize-bar","template":"<!-- 即时改变容器宽高 -->\r\n<div class=\"separate noChild\" (mousedown)=\"mousedown($event)\" draggable=\"false\" *ngIf=\"!lazyMove\"></div>\r\n<!-- 先拖拽再改变容器宽高 -->\r\n<div style=\"position:relative\" class=\"separate\" *ngIf=\"lazyMove\">\r\n    <div class=\"child\" (mousedown)=\"lazyMoveMouseDown($event)\"  draggable=\"false\"\r\n        [ngStyle]=\"resizeChildStyle\"></div>\r\n</div>","styles":[".separate{height:100%;width:2px;background:#ccc;float:left;cursor:col-resize}.separate .child{height:100%;background:#ccc;position:absolute;width:2px;z-index:99}.separate .child:hover{width:5px}.separate.noChild{position:relative;z-index:99}.separate.noChild:hover{width:5px}"]}]}],"members":{"lazyMove":[{"__symbolic":"property","decorators":[{"__symbolic":"call","expression":{"__symbolic":"reference","module":"@angular/core","name":"Input","line":14,"character":3}}]}],"mode":[{"__symbolic":"property","decorators":[{"__symbolic":"call","expression":{"__symbolic":"reference","module":"@angular/core","name":"Input","line":15,"character":3}}]}],"before":[{"__symbolic":"property","decorators":[{"__symbolic":"call","expression":{"__symbolic":"reference","module":"@angular/core","name":"Input","line":16,"character":3}}]}],"after":[{"__symbolic":"property","decorators":[{"__symbolic":"call","expression":{"__symbolic":"reference","module":"@angular/core","name":"Input","line":17,"character":3}}]}],"single":[{"__symbolic":"property","decorators":[{"__symbolic":"call","expression":{"__symbolic":"reference","module":"@angular/core","name":"Input","line":18,"character":3}}]}],"single_width":[{"__symbolic":"property","decorators":[{"__symbolic":"call","expression":{"__symbolic":"reference","module":"@angular/core","name":"Input","line":19,"character":3}}]}],"resizeCallback":[{"__symbolic":"property","decorators":[{"__symbolic":"call","expression":{"__symbolic":"reference","module":"@angular/core","name":"Output","line":20,"character":3}}]}],"__ctor__":[{"__symbolic":"constructor"}],"ngOnInit":[{"__symbolic":"method"}],"mousedown":[{"__symbolic":"method"}],"lazyMoveMouseDown":[{"__symbolic":"method"}],"resizing":[{"__symbolic":"method"}],"resizeBoth":[{"__symbolic":"method"}],"resizeSingle":[{"__symbolic":"method"}]}},"ɵg":{"__symbolic":"class","decorators":[{"__symbolic":"call","expression":{"__symbolic":"reference","module":"@angular/core","name":"Component","line":8,"character":1},"arguments":[{"selector":"app-tool-bar","template":"<div class=\"toolbar\">\r\n    <div class=\"buttonGroup\">\r\n\r\n        <div class=\"icon-group\">\r\n            <!-- <nz-tooltip [nzTitle]=\"'日历设置'\" [nzPlacement]=\"'top'\" (click)=\"calenderShow()\">\r\n        <i nz-tooltip class=\"fa fa-calendar\"></i>\r\n        <span nz-tooltip class=\"sp sp_calendar\"></span>\r\n      </nz-tooltip> -->\r\n            <nz-tooltip [nzTitle]=\"'插入行'\" [nzPlacement]=\"'top'\" (click)=\"addTask()\">\r\n                <span nz-tooltip class=\"sp sp_add\"></span>\r\n                <!-- <i nz-tooltip class=\"anticon anticon-file-add\"></i> -->\r\n            </nz-tooltip>\r\n            <nz-tooltip [nzTitle]=\"'删除行'\" [nzPlacement]=\"'top'\" (click)=\"deleteTask()\">\r\n                <span nz-tooltip class=\"sp sp_delete\"></span>\r\n                <!-- <i nz-tooltip class=\"anticon anticon-delete\"></i> -->\r\n            </nz-tooltip>\r\n            <nz-tooltip [nzTitle]=\"'添加里程碑'\" [nzPlacement]=\"'top'\" (click)=\"addMilepost()\">\r\n                <span nz-tooltip class=\"sp sp_milestone\"></span>\r\n                <!-- <i nz-tooltip class=\"anticon anticon-environment\"></i> -->\r\n            </nz-tooltip>\r\n            <nz-tooltip [nzTitle]=\"'升级'\" [nzPlacement]=\"'top'\" (click)='promoteTaskLevel()'>\r\n                <span nz-tooltip class=\"sp sp_upLevel\"></span>\r\n                <!-- <i nz-tooltip class=\"anticon anticon-caret-up\"></i> -->\r\n            </nz-tooltip>\r\n            <nz-tooltip [nzTitle]=\"'降级'\" [nzPlacement]=\"'top'\" (click)=\"depressTaskLevel()\">\r\n                <span nz-tooltip class=\"sp sp_downLevel\"></span>\r\n                <!-- <i nz-tooltip class=\"anticon anticon-caret-down\"></i> -->\r\n            </nz-tooltip>\r\n            <!-- <nz-tooltip [nzTitle]=\"'绑定构件'\" [nzPlacement]=\"'top'\" (click)=\"bingdingGUID(true)\">\r\n        <span nz-tooltip class=\"sp sp_bind\"></span>\r\n      </nz-tooltip>\r\n      <nz-tooltip [nzTitle]=\"'解绑构件'\" [nzPlacement]=\"'top'\" (click)=\"unbingdingGUID()\">\r\n        <span nz-tooltip class=\"sp sp_unbind\"></span>\r\n      </nz-tooltip> -->\r\n            <!-- <nz-tooltip [nzTitle]=\"'追加构件'\" [nzPlacement]=\"'top'\" (click)=\"addBingdingGUID($event)\">\r\n        <span nz-tooltip class=\"sp sp_addbind\"></span>\r\n      </nz-tooltip>\r\n      <nz-tooltip [nzTitle]=\"'确认追加'\" [nzPlacement]=\"'top'\" (click)=\"configBingdingGUID($event)\">\r\n        <span nz-tooltip class=\"sp sp_configBind\"></span>\r\n      </nz-tooltip> -->\r\n            <!-- <nz-tooltip [nzTitle]=\"'施工模拟'\" [nzPlacement]=\"'top'\" (click)=\"showModal()\">\r\n        <span nz-tooltip class=\"sp sp_play\"></span>\r\n      </nz-tooltip> -->\r\n            <nz-tooltip [nzTitle]=\"'保存'\" [nzPlacement]=\"'top'\" (click)=\"saveTasks('save')\">\r\n                <span nz-tooltip class=\"sp sp_save\"></span>\r\n                <!-- <i nz-tooltip class=\"fa fa-floppy-o\"></i> -->\r\n            </nz-tooltip>\r\n            <nz-tooltip [nzTitle]=\"'刷新横道图'\" [nzPlacement]=\"'top'\" (click)=\"refresh()\">\r\n                <span nz-tooltip class=\"sp sp_refresh\"></span>\r\n                <!-- <i nz-tooltip class=\"fa fa-refresh\"></i> -->\r\n            </nz-tooltip>\r\n            <!-- <nz-tooltip [nzTitle]=\"'缩小横道图'\" [nzPlacement]=\"'top'\" (click)=\"compress()\">\r\n        <span nz-tooltip class=\"sp sp_compress\"></span>\r\n      </nz-tooltip>\r\n      <nz-tooltip [nzTitle]=\"'放大横道图'\" [nzPlacement]=\"'top'\" (click)=\"expand()\">\r\n        <span nz-tooltip class=\"sp sp_expand\"></span>\r\n      </nz-tooltip> -->\r\n\r\n\r\n            <!-- <nz-tooltip [nzTitle]=\"'提交'\" [nzPlacement]=\"'top'\">\r\n        <i nz-tooltip class=\"fa fa-floppy-o\"></i>\r\n      </nz-tooltip> -->\r\n        </div>\r\n        <!-- <div class=\"button-group group1\">\r\n      <button nz-button [nzType]=\"'default'\" [nzSize]=\"small\" (click)=\"calenderShow()\">\r\n        <i class=\"anticon anticon-calendar\"></i>\r\n        <span>日历设置</span>\r\n      </button>\r\n      <button nz-button [nzType]=\"'default'\" [nzSize]=\"small\" (click)=\"addTask($event)\">\r\n        <i class=\"anticon anticon-file-add\"></i>\r\n        <span>插入行</span>\r\n      </button>\r\n      <button nz-button [nzType]=\"'default'\" [nzSize]=\"small\" (click)=\"deleteTask($event)\">\r\n        <i class=\"anticon anticon-delete\"></i>\r\n        <span>删除行</span>\r\n      </button>\r\n    </div>\r\n    <div class=\"button-group group2\">\r\n      <button nz-button [nzType]=\"'default'\" [nzSize]=\"small\" (click)=\"addMilepost($event)\">\r\n        <i class=\"anticon anticon-environment\"></i>\r\n        <span>添加里程碑</span>\r\n      </button>\r\n      <button nz-button [nzType]=\"'default'\" [nzSize]=\"small\" (click)='promoteTaskLevel($event)'>\r\n        <i class=\"anticon anticon-caret-up\"></i>\r\n        <span>升级</span>\r\n      </button>\r\n      <button nz-button [nzType]=\"'default'\" [nzSize]=\"small\" (click)=\"depressTaskLevel($event)\">\r\n        <i class=\"anticon anticon-caret-down\"></i>\r\n        <span>降级</span>\r\n      </button>\r\n      <button nz-button [nzType]=\"'default'\" [nzSize]=\"small\" (click)=\"bingdingGUID($event)\">\r\n        <i class=\"anticon anticon-pushpin\"></i>\r\n        <span>绑定构件</span>\r\n      </button>\r\n      <button nz-button [nzType]=\"'default'\" [nzSize]=\"small\" (click)=\"unbingdingGUID($event)\">\r\n        <i class=\"anticon anticon-pushpin-o\"></i>\r\n        <span>解绑构件</span>\r\n      </button>\r\n      <button nz-button [nzType]=\"'default'\" [nzSize]=\"small\" (click)=\"addBingdingGUID($event)\">\r\n        <i class=\"anticon anticon-pushpin-o\"></i>\r\n        <span>追加构件</span>\r\n      </button>\r\n      <button nz-button [nzType]=\"'default'\" [nzSize]=\"small\" (click)=\"configBingdingGUID($event)\">\r\n        <i class=\"anticon anticon-pushpin-o\"></i>\r\n        <span>确认追加</span>\r\n      </button>\r\n    </div>\r\n    <div class=\"button-group group3\">\r\n      <button nz-button [nzType]=\"'primary'\" [nzSize]=\"small\" (click)=\"saveTasks('save')\">\r\n        <i class=\"anticon anticon-save\"></i>\r\n        <span>保存</span>\r\n      </button>\r\n      <button nz-button [nzType]=\"'primary'\" [nzSize]=\"small\" (click)=\"saveTasks('submit')\">\r\n        <i class=\"anticon anticon-check\"></i>\r\n        <span>提交审核</span>\r\n      </button>\r\n      <button nz-button [nzType]=\"'primary'\" [nzSize]=\"small\">\r\n        <i class=\"anticon anticon-upload\"></i>\r\n        <span>导入计划</span>\r\n      </button>\r\n      <button nz-button [nzType]=\"'primary'\" [nzSize]=\"small\">\r\n        <i class=\"anticon anticon-download\"></i>\r\n        <span>导出计划</span>\r\n      </button>\r\n      <button nz-button [nzType]=\"'primary'\" [nzSize]=\"small\" (click)=\"showModal()\">\r\n        <i class=\"anticon anticon-video-camera\"></i>\r\n        <span>施工模拟</span>\r\n      </button>\r\n    </div> -->\r\n        <div class=\"clearfix\"></div>\r\n    </div>\r\n    <!-- <div *ngIf=\"simulate\" class=\"simulate\" style=\"height:46px;padding: 10px 30px 0px 10px;\">\r\n    <nz-progress [nzPercent]=\"_percent\"></nz-progress>\r\n    <nz-button-group class=\"button-group\">\r\n      <button nz-button [nzType]=\"'ghost'\" (click)=\"decline()\">\r\n        <i class=\"anticon anticon-backward\"></i>\r\n      </button>\r\n      <button nz-button [nzType]=\"'ghost'\" (click)=\"play()\" [disabled]=\"playdisabled\">\r\n        <i class=\"anticon anticon-caret-right\"></i>\r\n      </button>\r\n      <button nz-button [nzType]=\"'ghost'\" (click)=\"pause()\" [disabled]=\"pausedisabled\">\r\n        <i class=\"anticon anticon-pause-circle\"></i>\r\n      </button>\r\n      <button nz-button [nzType]=\"'ghost'\" (click)=\"increase()\">\r\n        <i class=\"anticon anticon-forward\"></i>\r\n      </button>\r\n    </nz-button-group>\r\n    <button nz-button [nzType]=\"'default'\" [nzSize]=\"small\" (click)=\"simulateHide($event)\" class=\"back-btn\">\r\n      <span>退出模拟</span>\r\n    </button>\r\n    <span class=\"startDate\">开始时间：{{showStart? showStart : ''}}</span>\r\n    <span class=\"startDate\" *ngIf=\"finishDate\">构件完成时间：{{finishDate? finishDate : ''}}</span>\r\n    <span class=\"startDate\" *ngIf=\"diffDate\">时差：{{diffDate? diffDate : ''}} 天</span>\r\n  </div> -->\r\n    <!-- <nz-modal [nzVisible]=\"simulateVisible\" [nzTitle]=\"'选择时间段'\" [nzContent]=\"modalContent\" (nzOnCancel)=\"simulateCancel($event)\"\r\n    (nzOnOk)=\"simulateOk()\">\r\n    <ng-template #modalContent>\r\n      <nz-date-picker style=\"width: 40%;\" [(ngModel)]=\"startDate\" (ngModelChange)=\"startDate=$event;startValueChange()\" [nzDisabledDate]=\"disabledStartDate\"\r\n        placeholder=\"'Start date'\"></nz-date-picker>\r\n      ~\r\n      <nz-date-picker style=\"width: 40%;\" [(ngModel)]=\"endDate\" (ngModelChange)=\"endDate=$event;endValueChange()\" [nzDisabledDate]=\"disabledEndDate\"\r\n        placeholder=\"'End date'\"></nz-date-picker>\r\n    </ng-template>\r\n  </nz-modal> -->\r\n    <!-- <nz-modal [nzVisible]=\"calenderVisible\" [nzTitle]=\"'日历设置'\" [nzContent]=\"calenderContent\" (nzOnCancel)=\"calenderCancel()\"\r\n    (nzOnOk)=\"calenderOk()\">\r\n    <ng-template #calenderContent>\r\n      <div class=\"expect-day\" *ngIf=\"ganttService.currentGanttInfo && ganttService.currentGanttInfo.exceptDate\">\r\n        <div class=\"list\">\r\n          <div class=\"expectRow\" *ngFor=\"let date of ganttService.currentGanttInfo.exceptDate;let i = index\">\r\n            <input nz-input [(ngModel)]=\"date.name\" placeholder=\"'请输入名称'\">\r\n            <nz-date-picker [(ngModel)]=\"date.startDate\" placeholder=\"'开始时间'\" (ngModelChange)=\"changeStartDate(date)\"></nz-date-picker>\r\n            ~\r\n            <nz-date-picker [(ngModel)]=\"date.endDate\" placeholder=\"'结束时间'\" (ngModelChange)=\"changeEndDate(date)\"></nz-date-picker>\r\n            <i class=\"anticon anticon-delete\" (click)=\"deletDate(i)\"></i>\r\n          </div>\r\n        </div>\r\n        <div class=\"addButton\">\r\n          <button nz-button [nzType]=\"'primary'\" (click)=\"addDate()\">\r\n            <span>增加例外日期</span>\r\n          </button>\r\n        </div>\r\n      </div>\r\n    </ng-template>\r\n  </nz-modal> -->\r\n</div>","styles":["::ng-deep .toolbar{background:#fff}::ng-deep .toolbar .work-type{color:#454545;padding:0 25px;border-bottom:1px solid #ccc;box-shadow:1px 1px 1px #ccc}::ng-deep .toolbar .ant-switch-checked{background-color:#419fe8}::ng-deep .toolbar .close{float:right;width:20px;text-align:center;height:20px;line-height:20px;font-size:20px;cursor:pointer;position:relative;top:-2px}::ng-deep .toolbar .button-group{display:inline-block;font-size:0}::ng-deep .toolbar .button-group button{border-radius:0;margin-right:5px}::ng-deep .toolbar .button-group button.ant-btn-default{background:#454545;color:#fff}::ng-deep .toolbar .button-group button.ant-btn-default:hover{border-color:#8b8b8b;background:#959595}::ng-deep .toolbar .button-group button:last-child{margin-right:0}::ng-deep .toolbar .icon-group{background:#f9f9f9;border:1px solid #e5e5e5;overflow:hidden;height:40px}::ng-deep .toolbar .icon-group i{font-size:18px;color:#454545;cursor:pointer;margin:0 7px}::ng-deep .toolbar .icon-group .switch{position:relative;top:10px;float:right;margin:0 10px;right:57px}::ng-deep .toolbar .icon-group .sp{width:32px;height:32px;display:inline-block}::ng-deep .toolbar .icon-group .sp_calendar{background-image:url(/assets/images/sprite-icon.png);background-position:-100px -253px;cursor:pointer}::ng-deep .toolbar .icon-group .sp_add{background-image:url(/assets/images/sprite-icon.png);background-position:-100px -285px;cursor:pointer}::ng-deep .toolbar .icon-group .sp_delete{background-image:url(/assets/images/sprite-icon.png);background-position:-100px -349px;cursor:pointer}::ng-deep .toolbar .icon-group .sp_milestone{background-image:url(/assets/images/sprite-icon.png);background-position:-100px -381px;cursor:pointer}::ng-deep .toolbar .icon-group .sp_upLevel{background-image:url(/assets/images/sprite-icon.png);background-position:-100px -667px;cursor:pointer}::ng-deep .toolbar .icon-group .sp_downLevel{background-image:url(/assets/images/sprite-icon.png);background-position:-100px -635px;cursor:pointer}::ng-deep .toolbar .icon-group .sp_bind{background-image:url(/assets/images/sprite-icon.png);background-position:-100px -412px;cursor:pointer}::ng-deep .toolbar .icon-group .sp_unbind{background-image:url(/assets/images/sprite-icon.png);background-position:-100px -443px;cursor:pointer}::ng-deep .toolbar .icon-group .sp_addbind{background-image:url(/assets/images/sprite-icon.png);background-position:-100px -476px;cursor:pointer}::ng-deep .toolbar .icon-group .sp_configBind{background-image:url(/assets/images/sprite-icon.png);background-position:-100px -509px;cursor:pointer}::ng-deep .toolbar .icon-group .sp_play{background-image:url(/assets/images/sprite-icon.png);background-position:-100px -539px;cursor:pointer}::ng-deep .toolbar .icon-group .sp_save{background-image:url(/assets/images/sprite-icon.png);background-position:-100px -571px;cursor:pointer}::ng-deep .toolbar .icon-group .sp_refresh{background-image:url(/assets/images/sprite-icon.png);background-position:-100px -603px;cursor:pointer}::ng-deep .toolbar .icon-group .sp_compress{background-image:url(/assets/images/sprite-icon.png);background-position:-100px -253px;cursor:pointer}::ng-deep .toolbar .icon-group .sp_expand{background-image:url(/assets/images/sprite-icon.png);background-position:-100px -253px;cursor:pointer}.expectRow{margin:10px 0}:host ::ng-deep .expectRow nz-input{width:100px;margin-right:10px}.button-group{position:absolute;left:8px;top:60px}.back-btn{position:absolute;top:60px;left:180px}"]}]}],"members":{"Xmpp":[{"__symbolic":"property","decorators":[{"__symbolic":"call","expression":{"__symbolic":"reference","module":"@angular/core","name":"Input","line":16,"character":3}}]}],"__ctor__":[{"__symbolic":"constructor","parameters":[{"__symbolic":"reference","module":"ng-zorro-antd","name":"NzNotificationService","line":40,"character":27},{"__symbolic":"reference","module":"ng-zorro-antd","name":"NzModalService","line":41,"character":25},{"__symbolic":"reference","module":"ng-zorro-antd","name":"NzMessageService","line":42,"character":21},{"__symbolic":"reference","name":"ɵd"},{"__symbolic":"reference","name":"GanttRequestService"}]}],"ngOnInit":[{"__symbolic":"method"}],"transformDate":[{"__symbolic":"method"}],"calenderShow":[{"__symbolic":"method"}],"calenderCancel":[{"__symbolic":"method"}],"changeStartDate":[{"__symbolic":"method"}],"changeEndDate":[{"__symbolic":"method"}],"saveTasks":[{"__symbolic":"method"}],"ganttTracking":[{"__symbolic":"method"}],"addTask":[{"__symbolic":"method"}],"deleteTask":[{"__symbolic":"method"}],"deleteTaskHandle":[{"__symbolic":"method"}],"depressTaskLevel":[{"__symbolic":"method"}],"promoteTaskLevel":[{"__symbolic":"method"}],"checkSelectNumber":[{"__symbolic":"method"}],"addMilepost":[{"__symbolic":"method"}],"simulateHide":[{"__symbolic":"method"}],"refresh":[{"__symbolic":"method"}],"compress":[{"__symbolic":"method"}],"expand":[{"__symbolic":"method"}],"reload":[{"__symbolic":"method"}],"increase":[{"__symbolic":"method"}],"decline":[{"__symbolic":"method"}],"pause":[{"__symbolic":"method"}],"remove":[{"__symbolic":"method"}],"getAllplayTasks":[{"__symbolic":"method"}]}},"ɵh":{"__symbolic":"class","decorators":[{"__symbolic":"call","expression":{"__symbolic":"reference","module":"@angular/core","name":"Component","line":22,"character":1},"arguments":[{"selector":"app-task-box","template":"<div class=\"ganttTaskBox zzj-scrollbar\">\r\n    <div class=\"toolHeader\" [style.width]=\"Xmpp.column.totalWidth+'px'\">\r\n        <div class=\"column id\" [style.width]=\"'30px'\" (click)=\"selectAll()\"></div>\r\n        <ng-container *ngFor=\"let c of Xmpp.column.columnNames\">\r\n            <ng-container *ngIf=\"c.key != 'checkbox'\">\r\n                <div class=\"column\" [style.width]=\"c.width+'px'\">\r\n                    {{c.name}}\r\n                </div>\r\n                <app-resize-bar *ngIf=\"c.resize\" [lazyMove]=\"true\" [mode]=\"'single-width'\" (resizeCallback)=\"resizeCallback($event, c)\">\r\n                </app-resize-bar>\r\n            </ng-container>\r\n\r\n            <ng-container *ngIf=\"c.key == 'checkbox'\">\r\n                <div class=\"column\" *ngIf=\"c.key == 'checkbox'\" [style.width]=\"c.width+'px'\">\r\n                    <label nz-checkbox [(ngModel)]=\"isAllselected\" (ngModelChange)=\"selectAllTask()\"></label>\r\n                </div>\r\n            </ng-container>\r\n        </ng-container>\r\n    </div>\r\n    <div class=\"task-list\" *ngIf=\"Xmpp.task.showTask?.length>0\">\r\n        <ng-container *ngFor=\"let task of Xmpp.task.showTask;let i = index\">\r\n            <div class=\"row\" [ngClass]=\"{'isSummary':task.childTaskID.length > 0,'gantt_active':task.isSelected}\" (dblclick)=\"showSettings(task)\" (click)=\"clickTaskRow(task)\" [style.width]=\"Xmpp.column.totalWidth+'px'\">\r\n                <div class=\"column id\" [style.width]=\"'30px'\">{{task.id}}</div>\r\n                <ng-container *ngFor=\"let c of Xmpp.column.columnNames\">\r\n\r\n                    <div class=\"column tags\" [style.width]=\"c.width+'px'\" *ngIf=\"c.type == 'tags'\">\r\n                        <ng-container *ngFor=\"let tag of task.tags\">\r\n                            <i *ngIf=\"!tag.iconUrl && tag.iconType\" nz-icon [nzType]=\"tag.iconType\" nzTheme=\"outline\"></i>\r\n                            <img *ngIf=\"tag.iconUrl\" [src]=\"tag.iconUrl\" alt=\"\">\r\n                        </ng-container>\r\n                    </div>\r\n\r\n                    <div class=\"column\" [style.width]=\"c.width+'px'\" *ngIf=\"c.type == 'checkbox'\">\r\n                        <label nz-checkbox [(ngModel)]=\"task.isSelected\"></label>\r\n                    </div>\r\n\r\n                    <div class=\"column\" [style.width]=\"c.width+'px'\" *ngIf=\"c.type == 'text'\" (click)=\"editStuteChange(c, task, true)\">\r\n                        <span *ngIf=\"!c.isEdit  || editTaskId != task.id\">{{task[c.key]}}</span>\r\n                        <input style=\"text-align: center;\" #editInput (blur)=\"editStuteChange(c, task, false)\" (keyup.enter)=\"editStuteChange(c, task, false)\" type=\"text\" *ngIf=\"c.isEdit && editTaskId == task.id\" [(ngModel)]=\"task[c.key]\">\r\n                    </div>\r\n\r\n\r\n                    <div *ngIf=\"c.type == 'taskName'\" class=\"column taskName\" (click)=\"editStuteChange(c, task, true)\" [style.width]=\"c.width+'px'\" [style.padding-left]=\"(task.level) * 15 + 'px'\">\r\n                        <i [style.left]=\"(task.level-1) * 15 + 'px'\" *ngIf=\"task.childTaskID.length > 0 && !task.isFold\" class=\"anticon anticon-caret-down\" (click)=\"foldTaskLevel(task)\"></i>\r\n                        <i [style.left]=\"(task.level-1) * 15 + 'px'\" *ngIf=\"task.childTaskID.length > 0 && task.isFold\" class=\"anticon anticon-caret-right\" (click)=\"openTaskLevel(task)\"></i>\r\n                        <div class=\"name\">\r\n                            <span *ngIf=\"!c.isEdit || editTaskId != task.id\">{{task.taskName}}</span>\r\n                            <input autoselect #editInput (blur)=\"editStuteChange(c, task, false)\" (keyup.enter)=\"editStuteChange(c, task, false)\" class=\"edit\" autofocus=\"autofocus\" type=\"text\" *ngIf=\"c.isEdit && editTaskId == task.id\" [(ngModel)]=\"task.taskName\">\r\n                        </div>\r\n                    </div>\r\n\r\n\r\n                    <div class=\"column\" (click)=\"editStuteChange(c, task, true)\" [style.width]=\"c.width+'px'\" *ngIf=\"c.type == 'date'\">\r\n                        <span *ngIf=\"!c.isEdit  || editTaskId != task.id\">{{task[c.key] | datePipe}}</span>\r\n                        <nz-date-picker *ngIf=\"c.isEdit && editTaskId == task.id\" [(ngModel)]=\"task[c.key]\" (ngModelChange)=\"editStuteChange(c, task, false)\" [nzAllowClear]=\"false\">\r\n                        </nz-date-picker>\r\n                    </div>\r\n\r\n                    <div class=\"resize_placeholder\" *ngIf=\"c.resize\"></div>\r\n                </ng-container>\r\n            </div>\r\n        </ng-container>\r\n        <ng-container *ngIf=\"(Xmpp.task.showTask.length < Xmpp.task.showTaskLength)\">\r\n            <div class=\"row\" *ngIf=\"newTask\" [ngClass]=\"{'gantt_active':newTask.isSelected}\">\r\n                <div class=\"column id\" [style.width]=\"'30px'\"><i nz-icon nzType=\"plus\" nzTheme=\"outline\"></i></div>\r\n                <ng-container *ngFor=\"let c of Xmpp.column.columnNames\">\r\n                    <!-- 标签 -->\r\n                    <div class=\"column\" [style.width]=\"c.width+'px'\" *ngIf=\"c.type == 'tags'\">\r\n                        <span></span>\r\n                    </div>\r\n                    <!-- 多选框 -->\r\n                    <div class=\"column\" [style.width]=\"c.width+'px'\" *ngIf=\"c.type == 'checkbox'\">\r\n                        <span style=\"width:100%\"></span>\r\n                    </div>\r\n                    <!-- 文本 -->\r\n                    <div class=\"column\" [style.width]=\"c.width+'px'\" *ngIf=\"c.type == 'text'\">\r\n                        <span style=\"width:100%\"></span>\r\n                    </div>\r\n                    <!-- 任务名称 -->\r\n                    <div *ngIf=\"c.type == 'taskName'\" style=\"height: 100%;float: left\">\r\n                        <div class=\"column taskName\" [style.width]=\"c.width+'px'\" (click)=\"editStuteChange(c, newTask, true)\">\r\n                            <!-- <input class=\"newTask\" autofocus=\"autofocus\" #newTaskNameInput\r\n                                (blur)=\"addTaskFromNewLine('name', newTask.taskName)\"\r\n                                (keyup.enter)=\"addTaskFromNewLine('name', newTask.taskName)\"\r\n                                [(ngModel)]=\"newTask.taskName\" type=\"text\"> -->\r\n                            <span *ngIf=\"!c.isEdit || editTaskId != newTask.id\">{{newTask.taskName}}</span>\r\n                            <input autoselect #editInput (blur)=\"editStuteChange(c, newTask, false);addTaskFromNewLine('name', newTask.taskName)\" (keyup.enter)=\"editStuteChange(c, newTask, false);addTaskFromNewLine('name', newTask.taskName)\" class=\"edit\" autofocus=\"autofocus\" type=\"text\"\r\n                                *ngIf=\"c.isEdit && editTaskId == newTask.id\" [(ngModel)]=\"newTask.taskName\">\r\n                        </div>\r\n                        <div class=\"taskname_placeholder\"></div>\r\n                    </div>\r\n                    <!-- 日期选择 -->\r\n                    <!-- <div class=\"column\" [style.width]=\"c.width+'px'\" *ngIf=\"c.type == 'date'\">\r\n                        <nz-date-picker [nzAllowClear]=\"false\" [ngModel]=\"newTask[c.key]\"\r\n                            (ngModelChange)=\"addTaskFromNewLine(c.key, $event)\">\r\n                        </nz-date-picker>\r\n                    </div> -->\r\n                    <div class=\"column\" (click)=\"editStuteChange(c, newTask, true)\" [style.width]=\"c.width+'px'\" *ngIf=\"c.type == 'date'\">\r\n                        <span *ngIf=\"!c.isEdit  || editTaskId != newTask.id\">{{newTask[c.key] | datePipe}}</span>\r\n                        <!-- <nz-date-picker *ngIf=\"c.isEdit && editTaskId === newTask.id\" [(ngModel)]=\"newTask[c.key]\" (ngModelChange)=\"addTaskFromNewLine(c.key, $event);c.isEdit =false;\" [nzAllowClear]=\"false\">\r\n                        </nz-date-picker> -->\r\n                        <input *ngIf=\"c.isEdit && editTaskId === newTask.id\" type=\"datetime\" [(ngModel)]=\"newTask[c.key]\" (ngModelChange)=\"addTaskFromNewLine(c.key, $event);c.isEdit =false;\">\r\n                    </div>\r\n                    <div class=\"resize_placeholder\" *ngIf=\"c.resize\"></div>\r\n                </ng-container>\r\n            </div>\r\n        </ng-container>\r\n    </div>\r\n    <!-- <nz-modal [nzVisible]=\"isVisible\" [nzTitle]=\"'选择完成时间'\" [nzContent]=\"listContent\" (nzOnCancel)=\"handleCancel()\" (nzOnOk)=\"handleOk()\">\r\n    <ng-template #listContent>\r\n      <nz-date-picker [(ngModel)]=\"uuidDate\" placeholder=\"'Select date'\" [nzAllowClear]=\"false\"></nz-date-picker>\r\n    </ng-template>\r\n  </nz-modal> -->\r\n</div>\r\n\r\n\r\n<nz-modal class=\"settingModal\" [nzVisible]=\"settingModalView\" [nzTitle]=\"'设置'\" [nzContent]=\"settingContent\" (nzOnCancel)=\"settingModalView = false\" (nzOnOk)=\"settingSave()\">\r\n    <ng-template #settingContent>\r\n        <div class=\"content\" *ngIf=\"editInfo\">\r\n            <div class=\"name\">\r\n                <span>任务名称：</span>\r\n                <input nz-input [(ngModel)]=\"editInfo.taskName\">\r\n            </div>\r\n            <div class=\"duration\">\r\n                <span>工期：</span>\r\n                <nz-input-number [(ngModel)]=\"editInfo.showDuration\" [nzSize]=\"'small'\" [nzMin]=\"1\" [nzStep]=\"1\">\r\n                </nz-input-number>\r\n            </div>\r\n            <p class=\"line\">\r\n                <span>前置任务</span>\r\n            </p>\r\n            <div class=\"relation\" *ngIf=\"Xmpp.allTasks.length > 0 \">\r\n                <div class=\"title\">\r\n                    <span>标识</span>\r\n                    <span>任务名</span>\r\n                    <span>类型</span>\r\n                    <span>延隔天数</span>\r\n                </div>\r\n                <div class=\"row\" *ngFor=\"let item of editInfo.relations;let i = index\">\r\n                    <ng-container *ngIf=\"item.isDelete == 0\">\r\n                        <div class=\"item\">\r\n                            <nz-input-number [(ngModel)]=\"item.prevId\" [nzSize]=\"'small'\" [nzMin]=\"1\" [nzMax]=\"Xmpp.allTasks.length\" [nzStep]=\"1\"></nz-input-number>\r\n                        </div>\r\n                        <div class=\"item\">\r\n                            <nz-select style=\"width: 160px;\" placeholder=\"'选择一个任务'\" [(ngModel)]=\"item.prevId\" [nzShowSearch]=\"true\">\r\n                                <nz-option *ngFor=\"let option of Xmpp.allTasks\" [nzLabel]=\"option.id+':'+option.taskName\" [nzValue]=\"option.id\">\r\n                                </nz-option>\r\n                            </nz-select>\r\n                        </div>\r\n                        <div class=\"item\">\r\n                            <nz-select [(ngModel)]=\"item.relation\" placeholder=\"'choose option'\">\r\n                                <nz-option [nzLabel]=\"'完成-完成(FF)'\" [nzValue]=\"PREVTYPE.FF\"></nz-option>\r\n                                <nz-option [nzLabel]=\"'完成-开始(FS)'\" [nzValue]=\"PREVTYPE.FS\"></nz-option>\r\n                                <nz-option [nzLabel]=\"'开始-完成(SF)'\" [nzValue]=\"PREVTYPE.SF\"></nz-option>\r\n                                <nz-option [nzLabel]=\"'开始-开始(SS)'\" [nzValue]=\"PREVTYPE.SS\"></nz-option>\r\n                            </nz-select>\r\n                        </div>\r\n                        <div class=\"item\">\r\n                            <nz-input-number [(ngModel)]=\"item.delay\" [nzSize]=\"'small'\" [nzMin]=\"0\" [nzStep]=\"1\">\r\n                            </nz-input-number>\r\n                        </div>\r\n                        <i nz-icon nzType=\"delete\" nzTheme=\"outline\" (click)=\"deleteRelation(i)\"></i>\r\n                        <i *ngIf=\"i == editInfo.relations.length-1\" class=\"anticon anticon-plus\" (click)=\"addRelation()\"></i>\r\n                    </ng-container>\r\n                </div>\r\n            </div>\r\n        </div>\r\n    </ng-template>\r\n</nz-modal>","styles":["@charset \"UTF-8\";:host ::ng-deep .ant-menu-item-selected::after{opacity:0}::ng-deep .common-main-wrap .common-main-hd .common-bread-search{margin-top:0}a:active,a:focus,a:hover{outline:0;text-decoration:none}.zzj-scrollbar::-webkit-scrollbar{width:8px;height:6px;overflow:hidden}.zzj-scrollbar::-webkit-scrollbar-track{background-color:transparent}.zzj-scrollbar::-webkit-scrollbar-thumb{background-color:#acacac}.hidden-row{white-space:nowrap;overflow:hidden;text-overflow:ellipsis;max-width:100px}.hidden-row.long{max-width:150px}.hidden-row.longer{max-width:180px}.hidden-row.longest{max-width:210px}.hidden-row.auto{max-width:auto}.breadcrumb{height:70px;line-height:50px;font-size:14px;overflow:hidden}.breadcrumb .head-left{float:left}.breadcrumb .head-right{float:right}.common-bread-search{float:right;margin-top:10px;min-width:280px}.common-main-wrap{margin:30px}.common-main-wrap .common-main-hd{min-height:70px;padding-bottom:10px;line-height:50px;position:relative;z-index:5;overflow:hidden}.common-main-wrap .common-main-hd .common-bread-crumb{float:left;margin-top:23px}.common-main-wrap .common-main-hd .common-bread-search{float:right;margin-top:10px;min-width:280px}.common-main-wrap .common-main-hd .common-table-filter{float:right;margin-top:10px}@media screen and (max-width:1200px){.common-main-wrap .common-main-hd .common-bread-crumb,.common-main-wrap .common-main-hd .common-table-filter{float:none;display:block}}.common-main-wrap .common-main-cont{position:relative;height:auto}.common-table-wrap{border-radius:5px;overflow:hidden;background:#fff;box-shadow:0 0 8px #ddd}.common-table-wrap.auto .ant-table-wrapper{min-width:auto}.common-table-wrap .common-table-cont{max-height:660px;height:640px}.common-table-wrap .common-table-cont .ant-table-thead .ant-table-row th{background:-webkit-gradient(linear,left top,left bottom,from(#fff),to(#f8f8f8));background:linear-gradient(#fff,#f8f8f8);padding:10px}.common-table-wrap .ant-table-wrapper{overflow-x:auto;min-width:1300px}.common-table-wrap .common-pager{margin:10px;text-align:center;position:relative}.common-table-wrap .common-pager .common-pager-helper{float:left}.input-file{width:0;height:0;overflow:hidden;position:absolute;left:0;top:0;border:none;outline:0;box-shadow:none;opacity:0;cursor:pointer}.inner-layout,.outer-layout{height:60px;box-shadow:0 0 8px #ddd;position:relative;z-index:100;background:#fff;padding:0 25px}.inner-layout .inner-layout-left,.inner-layout .outer-layout-left,.outer-layout .inner-layout-left,.outer-layout .outer-layout-left{line-height:60px;float:left}.inner-layout .inner-layout-left img,.inner-layout .outer-layout-left img,.outer-layout .inner-layout-left img,.outer-layout .outer-layout-left img{vertical-align:middle}.inner-layout .inner-layout-right,.inner-layout .outer-layout-right,.outer-layout .inner-layout-right,.outer-layout .outer-layout-right{float:right;line-height:60px}.inner-layout .inner-layout-right a,.inner-layout .outer-layout-right a,.outer-layout .inner-layout-right a,.outer-layout .outer-layout-right a{color:#000}.inner-layout .inner-layout-right .inner-layout-right-user,.inner-layout .inner-layout-right .outer-layout-right-user,.inner-layout .outer-layout-right .inner-layout-right-user,.inner-layout .outer-layout-right .outer-layout-right-user,.outer-layout .inner-layout-right .inner-layout-right-user,.outer-layout .inner-layout-right .outer-layout-right-user,.outer-layout .outer-layout-right .inner-layout-right-user,.outer-layout .outer-layout-right .outer-layout-right-user{width:30px;height:30px}.common-table-status-green{color:#75bf03}.common-table-status-orange{color:orange}.common-table-status-red{color:red}.common-table-status-gray{color:#ccc}::ng-deep .ant-table-thead>tr>th{background-color:#fff}:host ::ng-deep .ant-tree li span.ant-tree-switcher.ant-tree-switcher_close .ant-tree-switcher-icon svg{width:18px;height:18px}:host ::ng-deep .ant-tree li span.ant-tree-switcher.ant-tree-switcher_open .ant-tree-switcher-icon svg{width:18px;height:18px}:host ::ng-deep .ant-table-fixed-header .ant-table-scroll .ant-table-header{overflow-y:hidden}::ng-deep.ant-input-affix-wrapper .ant-input-suffix{right:0}::ng-deep.ant-input-search.ant-input-search-enter-button>.ant-input{padding-right:46px}:host ::ng-deep .ant-table-body::-webkit-scrollbar{width:8px;height:6px;overflow:hidden}:host ::ng-deep .ant-table-body::-webkit-scrollbar-track{background-color:transparent}:host ::ng-deep .ant-table-body::-webkit-scrollbar-thumb{background-color:#acacac}::ng-deep .ant-modal-body{box-sizing:border-box}::ng-deep .ant-col-4{text-align:center}::ng-deep .ant-pagination-item-active,::ng-deep .ant-pagination-item-active:hover{background-color:#419fe8}::ng-deep .ant-pagination-item-active a,::ng-deep .ant-pagination-item-active:hover a{color:#fff}.ant-btn-primary:hover{background-color:#3d8fcd;border-color:#3d8fcd}.ant-btn-primary.disabled:hover,.ant-btn-primary[disabled],.ant-btn-primary[disabled]:hover{background-color:#f5f5f5;border-color:#d9d9d9}::ng-deep .ant-modal-close:hover{color:#419fe8!important}::ng-deep .ant-modal-confirm-error{top:300px}::ng-deep .ant-modal-confirm-confirm{top:300px}::ng-deep .ant-modal-confirm-btns .ant-btn:first-child{border-color:#d9d9d9;color:rgba(0,0,0,.65)}::ng-deep .ant-modal-confirm-btns .ant-btn:first-child:hover{color:#6cbef5;background-color:#fff;border-color:#6cbef5}.breadcrumb{color:#acacac}::ng-deep .ant-select-dropdown-menu::-webkit-scrollbar{width:8px;height:6px;overflow:hidden}::ng-deep .ant-select-dropdown-menu::-webkit-scrollbar-track{background-color:transparent}::ng-deep .ant-select-dropdown-menu::-webkit-scrollbar-thumb{background-color:#acacac}::ng-deep .ant-modal-header{padding-right:40px}::ng-deep .ant-table-placeholder{border-left:1px solid #e8e8e8;border-right:1px solid #e8e8e8}input[type=date]::-webkit-inner-spin-button{display:none}input[type=date]::-webkit-clear-button{display:none}.toolHeader{background:#fff;height:50px;border-bottom:1px solid #e5e5e5}.toolHeader .resize-bar{width:2px;background:#ccc;border:none}.toolHeader .column{float:left;padding:0 10px;height:100%;color:#000;line-height:50px;text-align:center;overflow:hidden;text-overflow:ellipsis;white-space:nowrap;border-right:1px solid #ccc}.toolHeader .column span.disabled{color:#2dbdc5}.toolHeader .column.taskName{text-align:left;padding-left:13px;position:relative}.toolHeader .column.id{cursor:pointer}.toolHeader .column.id:hover{background:#999}.ganttTaskBox{position:absolute;top:0;bottom:0;width:100%;overflow:hidden;overflow-x:auto}.resize-bar{width:1px;cursor:col-resize;height:100%;float:left}.greyFont{color:#ccc}::ng-deep .task-list{position:absolute;bottom:0;top:50px}::ng-deep .task-list .row{cursor:pointer;height:36px;background:#fff;overflow:hidden;border-bottom:1px solid #e5e5e5;position:relative}::ng-deep .task-list .row.isSummary{font-weight:700}::ng-deep .task-list .row .column{float:left;padding:0 10px;height:100%;color:#000;line-height:36px;text-align:center;border-right:1px solid #ccc}::ng-deep .task-list .row .resize-bar{width:2px;background:#ccc}::ng-deep .task-list .gantt_active{background:rgba(65,159,232,.6)}::ng-deep .task-list .anticon-environment{color:#419fe8}::ng-deep .task-list .ant-checkbox-checked .ant-checkbox-inner,::ng-deep .task-list .ant-checkbox-indeterminate .ant-checkbox-inner{background-color:#419fe8;border-color:#419fe8}::ng-deep .task-list .ant-checkbox-input:focus+.ant-checkbox-inner,::ng-deep .task-list .ant-checkbox-wrapper:hover .ant-checkbox-inner,::ng-deep .task-list .ant-checkbox:hover .ant-checkbox-inner{border-color:#419fe8}.column:nth-child(1){width:40px}.column.id{background:#ccc}.column.tags{white-space:nowrap;text-overflow:ellipsis;overflow:hidden}.column.tags i,.column.tags img{margin:0 3px}.column.resize-bar{padding:0!important}.column.prevtask{overflow:hidden;text-overflow:ellipsis;white-space:nowrap}.column.prevtask span{white-space:nowrap;text-overflow:ellipsis;overflow:hidden;display:block}.column.startDate{width:120px}.column.duration{width:75px}.column.duration input{width:100%}.column.actualStartDate,.column.endDate{width:120px}.column.actualDuration{width:50px}.column.actualEndDate{width:120px}.column.finishRate,.column.finishSubmit,.column.submit{width:70px}.column.finishRate i,.column.submit i{cursor:pointer}.column.finishRate i:hover,.column.submit i:hover{color:#8a8a8a}::ng-deep .column input{border:none;outline:0;box-shadow:none;background:0 0;height:100%;width:100%}.column:nth-child(12) input,.column:nth-child(9) input{text-align:center}::ng-deep .ant-input-number{position:relative;padding:4px 7px;width:100%;cursor:text;line-height:1.5;color:rgba(0,0,0,.65);background-color:#fff;background-image:none;-webkit-transition:.3s;transition:.3s;margin:0;height:100%;display:inline-block;border:1px solid #d9d9d9}.resize_placeholder{width:2px;background:#ccc;height:100%;float:left}::ng-deep .column.taskName{position:relative;height:100%;float:left}::ng-deep .column.taskName .name{text-align:left;padding:0;overflow:hidden;text-overflow:ellipsis;white-space:nowrap}::ng-deep .column.taskName .anticon-caret-down,::ng-deep .column.taskName .anticon-caret-right{-webkit-transform:scale(.7);transform:scale(.7);cursor:pointer;float:left;position:absolute;left:0;top:12px;z-index:9;font-size:15px;margin-right:4px}::ng-deep .column.taskName input.newTask{width:100%;height:100%;float:left;border:1px solid #ccc}::ng-deep .column.duration .ant-input{text-align:center}::ng-deep .gantt_isParent .ant-input{font-weight:700}::ng-deep .gantt_isChild .ant-input{padding-left:10px!important}::ng-deep .column .anticon{cursor:pointer}::ng-deep .settingModal .ant-modal-content{width:700px}::ng-deep .settingModal .name{display:inline-block;margin-left:10px}::ng-deep .settingModal .name input{width:200px}::ng-deep .settingModal .duration{display:inline-block;margin-left:20px}::ng-deep .settingModal .duration nz-input-number{width:100px}::ng-deep .settingModal .line{margin-top:10px;position:relative;height:20px;border-bottom:1px solid #419fe8;margin-bottom:10px;width:100%}::ng-deep .settingModal .line span{position:absolute;color:#419fe8;padding:10px;background:#fff;left:50%;-webkit-transform:translateX(-50%);transform:translateX(-50%)}::ng-deep .settingModal .relation{margin-top:15px}::ng-deep .settingModal .relation .row{width:100%;height:40px;line-height:40px;padding:0 10px}::ng-deep .settingModal .relation .title{padding:10px}::ng-deep .settingModal .relation .title span{display:inline-block;text-align:center}::ng-deep .settingModal .relation .title span:nth-child(1){width:80px}::ng-deep .settingModal .relation .title span:nth-child(2){width:180px}::ng-deep .settingModal .relation .title span:nth-child(3){width:130px}::ng-deep .settingModal .relation .title span:nth-child(4){width:100px}::ng-deep .settingModal .relation .row .item{display:inline-block}::ng-deep .settingModal .relation .row .item:nth-child(1){width:80px}::ng-deep .settingModal .relation .row .item:nth-child(2){width:180px;text-align:center}::ng-deep .settingModal .relation .row .item:nth-child(2) nz-select{width:160px}::ng-deep .settingModal .relation .row .item:nth-child(3){width:160px;text-align:center}::ng-deep .settingModal .relation .row .item:nth-child(4){width:100px}::ng-deep .settingModal .relation .anticon-delete{margin-left:5px}"]}]}],"members":{"newTaskNameInput":[{"__symbolic":"property","decorators":[{"__symbolic":"call","expression":{"__symbolic":"reference","module":"@angular/core","name":"ViewChild","line":28,"character":3},"arguments":["newTaskNameInput",{"static":false}]}]}],"editInput":[{"__symbolic":"property","decorators":[{"__symbolic":"call","expression":{"__symbolic":"reference","module":"@angular/core","name":"ViewChild","line":29,"character":3},"arguments":["editInput",{"static":false}]}]}],"Xmpp":[{"__symbolic":"property","decorators":[{"__symbolic":"call","expression":{"__symbolic":"reference","module":"@angular/core","name":"Input","line":30,"character":3}}]}],"newTaskBlur":[{"__symbolic":"property","decorators":[{"__symbolic":"call","expression":{"__symbolic":"reference","module":"@angular/core","name":"Output","line":31,"character":3}}]}],"__ctor__":[{"__symbolic":"constructor","parameters":[{"__symbolic":"reference","module":"ng-zorro-antd","name":"NzNotificationService","line":60,"character":27},{"__symbolic":"reference","name":"ɵd"},{"__symbolic":"reference","module":"ng-zorro-antd","name":"NzMessageService","line":62,"character":21}]}],"ngOnInit":[{"__symbolic":"method"}],"editStuteChange":[{"__symbolic":"method"}],"resizeCallback":[{"__symbolic":"method"}],"addTaskFromNewLine":[{"__symbolic":"method"}],"isBeforeCurrent":[{"__symbolic":"method"}],"dateClickTask":[{"__symbolic":"method"}],"updateServiceData":[{"__symbolic":"method"}],"foldTaskLevel":[{"__symbolic":"method"}],"openTaskLevel":[{"__symbolic":"method"}],"selectAllTask":[{"__symbolic":"method"}],"selectAll":[{"__symbolic":"method"}],"clickTaskRow":[{"__symbolic":"method"}],"showSettings":[{"__symbolic":"method"}],"settingSave":[{"__symbolic":"method"}],"getShowDuration":[{"__symbolic":"method"}],"checkRelations":[{"__symbolic":"method"}],"addRelation":[{"__symbolic":"method"}],"deleteRelation":[{"__symbolic":"method"}],"submitFinishBinds":[{"__symbolic":"method"}],"getActualDate":[{"__symbolic":"method"}]}}},"origins":{"GanttChartModule":"./lib/gantt-chart.module","GanttComponent":"./lib/gantt-chart.component","XmppOptions":"./lib/src/lib/gantt-interface","UInfoModel":"./lib/src/lib/gantt-interface","XmppColumn":"./lib/src/lib/gantt-interface","IXmpp":"./lib/src/lib/gantt-interface","IMPPProject":"./lib/src/lib/gantt-interface","IMppCalendar":"./lib/src/lib/gantt-interface","IMppWeekDay":"./lib/src/lib/gantt-interface","IMppCalendarException":"./lib/src/lib/gantt-interface","IMppTask":"./lib/src/lib/gantt-interface","IMppExtendAttr":"./lib/src/lib/gantt-interface","XmppTaskExtendedAttribute":"./lib/src/lib/gantt-interface","XmppResource":"./lib/src/lib/gantt-interface","XmppWeekDay":"./lib/src/lib/gantt-interface","XmppExceptDate":"./lib/src/lib/gantt-interface","XmppTask":"./lib/src/lib/gantt-interface","XmppPredecessorLink":"./lib/src/lib/gantt-interface","PREVTYPE":"./lib/src/lib/gantt.config","EXTENDATTRS":"./lib/src/lib/gantt.config","GanttMethod":"./lib/src/lib/gantt.method","Xmpp":"./lib/src/lib/gantt.api","GanttSize":"./lib/gantt-chart-service/gantt.config","GanttProjectModel":"./lib/gantt-chart-service/gantt.config","PROJECTID":"./lib/gantt-chart-service/gantt-request.service","GanttRequestService":"./lib/gantt-chart-service/gantt-request.service","Project":"./lib/src/lib/gantt.main","ɵa":"./lib/pipes/gantt-pipe.module","ɵb":"./lib/pipes/Date.pipe","ɵc":"./lib/gantt-box/gantt-box.component","ɵd":"./lib/gantt-chart-service/gantt-helper.service","ɵe":"./lib/gantt-chart-service/request-client.service","ɵf":"./lib/resize-bar/resize-bar.component","ɵg":"./lib/tool-bar/tool-bar.component","ɵh":"./lib/task-box/task-box.component"},"importAs":"@zzj/zzj-xmpp"}