{
    "saveVersion": 14,
    "uid": null,
    "name": null,
    "title": "simple",
    "subject": null,
    "category": null,
    "company": null,
    "manager": null,
    "author": "吴咏秋",
    "creationDate": "2018-09-20T15:21:00",
    "revision": 2,
    "lastSaved": "2018-10-29T10:14:00",
    "scheduleFromStart": true,
    "startDate": "2018-09-20T08:00:00",
    "finishDate": "2018-10-01T17:00:00",
    "fyStartDate": 1,
    "criticalSlackLimit": 0,
    "currencyDigits": 2,
    "currencySymbol": "¥",
    "currencyCode": "CNY",
    "currencySymbolPosition": 0,
    "calendarUID": 1,
    "defaultStartTime": "2019-08-08T08:00:00",
    "defaultFinishTime": "2019-08-08T17:00:00",
    "minutesPerDay": 480,
    "minutesPerWeek": 2400,
    "daysPerMonth": 20,
    "defaultTaskType": 0,
    "defaultFixedCostAccrual": 2,
    "defaultStandardRate": 0,
    "defaultOvertimeRate": 0,
    "durationFormat": 7,
    "workFormat": 2,
    "editableActualCosts": false,
    "honorConstraints": true,
    "earnedValueMethod": 0,
    "insertedProjectsLikeSummary": false,
    "multipleCriticalPaths": false,
    "newTasksEffortDriven": false,
    "newTasksEstimated": true,
    "splitsInProgressTasks": true,
    "spreadActualCost": false,
    "spreadPercentComplete": false,
    "taskUpdatesResource": true,
    "fiscalYearStart": false,
    "weekStartDay": 1,
    "moveCompletedEndsBack": false,
    "moveRemainingStartsBack": false,
    "moveRemainingStartsForward": false,
    "moveCompletedEndsForward": false,
    "baselineForEarnedValue": 0,
    "autoAddNewResourcesAndTasks": true,
    "statusDate": null,
    "currentDate": "2019-08-08T18:35:00",
    "microsoftProjectServerURL": true,
    "autolink": true,
    "newTaskStartDate": 0,
    "defaultTaskEVMethod": 0,
    "projectExternallyEdited": false,
    "extendedCreationDate": null,
    "actualsInSync": false,
    "removeFileProperties": false,
    "adminProject": false,
    "extendedAttributes": [],
    "extendedAttributesUUIDs": "",
    "calendars": [
        {
            "uid": 1,
            "name": "标准",
            "isBaseCalendar": true,
            "baseCalendarUID": 0,
            "weekDays": [
                {
                    "dayType": 1,
                    "dayWorking": true,
                    "fromDate": null,
                    "toDate": null,
                    "fromTime_0": "2019-08-08T08:00:00",
                    "toTime_0": "2019-08-08T12:00:00",
                    "fromTime_1": "2019-08-08T13:00:00",
                    "toTime_1": "2019-08-08T17:00:00",
                    "fromTime_2": null,
                    "toTime_2": null,
                    "fromTime_3": null,
                    "toTime_3": null,
                    "fromTime_4": null,
                    "toTime_4": null,
                    "enabled": true,
                    "parentId": "614adfb2-e5aa-4425-8411-6e5e0a5ad21c",
                    "id": "83f29716-f1e4-4d16-83ac-8cadceb64d54"
                },
                {
                    "dayType": 2,
                    "dayWorking": true,
                    "fromDate": null,
                    "toDate": null,
                    "fromTime_0": "2019-08-08T08:00:00",
                    "toTime_0": "2019-08-08T12:00:00",
                    "fromTime_1": "2019-08-08T13:00:00",
                    "toTime_1": "2019-08-08T17:00:00",
                    "fromTime_2": null,
                    "toTime_2": null,
                    "fromTime_3": null,
                    "toTime_3": null,
                    "fromTime_4": null,
                    "toTime_4": null,
                    "enabled": true,
                    "parentId": "614adfb2-e5aa-4425-8411-6e5e0a5ad21c",
                    "id": "b4b372a1-ccdf-468d-8707-c9604d0c9bdc"
                },
                {
                    "dayType": 3,
                    "dayWorking": true,
                    "fromDate": null,
                    "toDate": null,
                    "fromTime_0": "2019-08-08T08:00:00",
                    "toTime_0": "2019-08-08T12:00:00",
                    "fromTime_1": "2019-08-08T13:00:00",
                    "toTime_1": "2019-08-08T17:00:00",
                    "fromTime_2": null,
                    "toTime_2": null,
                    "fromTime_3": null,
                    "toTime_3": null,
                    "fromTime_4": null,
                    "toTime_4": null,
                    "enabled": true,
                    "parentId": "614adfb2-e5aa-4425-8411-6e5e0a5ad21c",
                    "id": "78cee702-2485-42d4-b6e7-674c2412e903"
                },
                {
                    "dayType": 4,
                    "dayWorking": true,
                    "fromDate": null,
                    "toDate": null,
                    "fromTime_0": "2019-08-08T08:00:00",
                    "toTime_0": "2019-08-08T12:00:00",
                    "fromTime_1": "2019-08-08T13:00:00",
                    "toTime_1": "2019-08-08T17:00:00",
                    "fromTime_2": null,
                    "toTime_2": null,
                    "fromTime_3": null,
                    "toTime_3": null,
                    "fromTime_4": null,
                    "toTime_4": null,
                    "enabled": true,
                    "parentId": "614adfb2-e5aa-4425-8411-6e5e0a5ad21c",
                    "id": "86473630-e563-4309-8f2c-0cc0dc40bc01"
                },
                {
                    "dayType": 5,
                    "dayWorking": true,
                    "fromDate": null,
                    "toDate": null,
                    "fromTime_0": "2019-08-08T08:00:00",
                    "toTime_0": "2019-08-08T12:00:00",
                    "fromTime_1": "2019-08-08T13:00:00",
                    "toTime_1": "2019-08-08T17:00:00",
                    "fromTime_2": null,
                    "toTime_2": null,
                    "fromTime_3": null,
                    "toTime_3": null,
                    "fromTime_4": null,
                    "toTime_4": null,
                    "enabled": true,
                    "parentId": "614adfb2-e5aa-4425-8411-6e5e0a5ad21c",
                    "id": "74a5cadd-0977-4c39-a38d-e4e52ea5aecf"
                },
                {
                    "dayType": 6,
                    "dayWorking": true,
                    "fromDate": null,
                    "toDate": null,
                    "fromTime_0": "2019-08-08T08:00:00",
                    "toTime_0": "2019-08-08T12:00:00",
                    "fromTime_1": "2019-08-08T13:00:00",
                    "toTime_1": "2019-08-08T17:00:00",
                    "fromTime_2": null,
                    "toTime_2": null,
                    "fromTime_3": null,
                    "toTime_3": null,
                    "fromTime_4": null,
                    "toTime_4": null,
                    "enabled": true,
                    "parentId": "614adfb2-e5aa-4425-8411-6e5e0a5ad21c",
                    "id": "4d34199c-6c13-40ce-a414-dcba7d1092b2"
                },
                {
                    "dayType": 7,
                    "dayWorking": true,
                    "fromDate": null,
                    "toDate": null,
                    "fromTime_0": "2019-08-08T08:00:00",
                    "toTime_0": "2019-08-08T12:00:00",
                    "fromTime_1": "2019-08-08T13:00:00",
                    "toTime_1": "2019-08-08T17:00:00",
                    "fromTime_2": null,
                    "toTime_2": null,
                    "fromTime_3": null,
                    "toTime_3": null,
                    "fromTime_4": null,
                    "toTime_4": null,
                    "enabled": true,
                    "parentId": "614adfb2-e5aa-4425-8411-6e5e0a5ad21c",
                    "id": "9a3eccba-ec24-4e1e-a59d-a271ddb73200"
                }
            ],
            "weekDaysUUIDs": "83f29716-f1e4-4d16-83ac-8cadceb64d54,b4b372a1-ccdf-468d-8707-c9604d0c9bdc,78cee702-2485-42d4-b6e7-674c2412e903,86473630-e563-4309-8f2c-0cc0dc40bc01,74a5cadd-0977-4c39-a38d-e4e52ea5aecf,4d34199c-6c13-40ce-a414-dcba7d1092b2,9a3eccba-ec24-4e1e-a59d-a271ddb73200",
            "enabled": true,
            "parentId": "00520618-1fe6-4985-8f4f-f1577c2aafed",
            "id": "614adfb2-e5aa-4425-8411-6e5e0a5ad21c"
        },
        {
            "uid": 2,
            "name": "Unnamed Resource",
            "isBaseCalendar": false,
            "baseCalendarUID": 1,
            "weekDays": [],
            "weekDaysUUIDs": null,
            "enabled": true,
            "parentId": "00520618-1fe6-4985-8f4f-f1577c2aafed",
            "id": "e1b9c9c2-610f-426d-8bdf-04a3dfe355d2"
        }
    ],
    "calendarsUUIDs": "614adfb2-e5aa-4425-8411-6e5e0a5ad21c,e1b9c9c2-610f-426d-8bdf-04a3dfe355d2",
    "tasks": [
        {
            "uid": 0,
            "_ID": 0,
            "name": "simple",
            "type": 1,
            "isNull": false,
            "createDate": "2018-09-20T15:21:00",
            "contact": null,
            "wbs": "0",
            "wbsLevel": null,
            "outlineNumber": "0",
            "outlineLevel": 0,
            "priority": 500,
            "start": "2018-09-20T08:00:00",
            "finish": "2018-10-01T17:00:00",
            "duration": "PT96H0M0S",
            "durationFormat": 39,
            "work": null,
            "stop": null,
            "resume": null,
            "resumeValid": false,
            "effortDriven": false,
            "recurring": false,
            "overAllocated": false,
            "estimated": true,
            "milestone": false,
            "summary": true,
            "critical": true,
            "isSubproject": false,
            "isSubprojectReadOnly": false,
            "subprojectName": null,
            "externalTask": false,
            "externalTaskProject": null,
            "earlyStart": "2018-09-20T08:00:00",
            "earlyFinish": "2018-10-01T17:00:00",
            "lateStart": "2018-09-20T08:00:00",
            "lateFinish": "2018-10-01T17:00:00",
            "starVariance": 0,
            "finishVariance": 0,
            "workVariance": 0,
            "freeSlack": 0,
            "totalSlack": 0,
            "fixedCost": 0,
            "fixedCostAccrual": "3",
            "percentComplete": 0,
            "percentWorkComplete": 0,
            "cost": 0,
            "overtimeCost": 0,
            "overtimeWork": null,
            "actualStart": null,
            "actualFinish": null,
            "actualDuration": null,
            "actualCost": 0,
            "actualOvertimeCost": 0,
            "actualWork": null,
            "actualOvertimeWork": null,
            "regularWork": null,
            "remainingDuration": "PT96H0M0S",
            "remainingCost": 0,
            "remainingWork": null,
            "remainingOvertimeCost": 0,
            "remainingOvertimeWork": null,
            "acwp": 0,
            "cv": 0,
            "constraintType": 0,
            "calendarUID": -1,
            "constraintDate": null,
            "deadline": null,
            "levelAssignments": true,
            "levelingCanSplit": true,
            "levelingDelay": 0,
            "levelingDelayFormat": 8,
            "preLeveledStart": null,
            "preLeveledFinish": null,
            "hyperlink": null,
            "hyperlinkAddress": null,
            "hyperlinkSubAddress": null,
            "ignoreResourceCalendar": false,
            "notes": null,
            "hideBar": false,
            "rollup": false,
            "bcws": 0,
            "bcwp": 0,
            "physicalPercentComplete": 0,
            "earnedValueMethod": 0,
            "predecessorLink": [],
            "predecessorLinkUUIDs": "",
            "actualWorkProtected": null,
            "actualOvertimeWorkProtected": null,
            "extendedAttribute": [],
            "extendedAttributeUUIDs": "",
            "baseline": [],
            "baselineUUIDs": "",
            "isPublished": false,
            "statusmanager": null,
            "commitmentStart": null,
            "commitmentFinish": null,
            "commitmentType": 0,
            "active": 1,
            "manual": 0,
            "enabled": true,
            "parentId": "00520618-1fe6-4985-8f4f-f1577c2aafed",
            "id": "f8b1d664-c07e-4462-8115-2d2f5c042619"
        },
        {
            "uid": 1,
            "_ID": 1,
            "name": "11",
            "type": 0,
            "isNull": false,
            "createDate": "2018-09-20T15:21:00",
            "contact": null,
            "wbs": "1",
            "wbsLevel": null,
            "outlineNumber": "1",
            "outlineLevel": 1,
            "priority": 500,
            "start": "2018-09-20T08:00:00",
            "finish": "2018-09-20T17:00:00",
            "duration": "PT8H0M0S",
            "durationFormat": 39,
            "work": null,
            "stop": null,
            "resume": null,
            "resumeValid": false,
            "effortDriven": false,
            "recurring": false,
            "overAllocated": false,
            "estimated": true,
            "milestone": false,
            "summary": false,
            "critical": false,
            "isSubproject": false,
            "isSubprojectReadOnly": false,
            "subprojectName": null,
            "externalTask": false,
            "externalTaskProject": null,
            "earlyStart": "2018-09-20T08:00:00",
            "earlyFinish": "2018-09-20T17:00:00",
            "lateStart": "2018-09-25T08:00:00",
            "lateFinish": "2018-09-25T17:00:00",
            "starVariance": 0,
            "finishVariance": 0,
            "workVariance": 0,
            "freeSlack": 0,
            "totalSlack": 24000,
            "fixedCost": 0,
            "fixedCostAccrual": "3",
            "percentComplete": 0,
            "percentWorkComplete": 0,
            "cost": 0,
            "overtimeCost": 0,
            "overtimeWork": null,
            "actualStart": null,
            "actualFinish": null,
            "actualDuration": null,
            "actualCost": 0,
            "actualOvertimeCost": 0,
            "actualWork": null,
            "actualOvertimeWork": null,
            "regularWork": null,
            "remainingDuration": "PT8H0M0S",
            "remainingCost": 0,
            "remainingWork": null,
            "remainingOvertimeCost": 0,
            "remainingOvertimeWork": null,
            "acwp": 0,
            "cv": 0,
            "constraintType": 0,
            "calendarUID": -1,
            "constraintDate": null,
            "deadline": null,
            "levelAssignments": true,
            "levelingCanSplit": true,
            "levelingDelay": 0,
            "levelingDelayFormat": 8,
            "preLeveledStart": null,
            "preLeveledFinish": null,
            "hyperlink": null,
            "hyperlinkAddress": null,
            "hyperlinkSubAddress": null,
            "ignoreResourceCalendar": false,
            "notes": null,
            "hideBar": false,
            "rollup": false,
            "bcws": 0,
            "bcwp": 0,
            "physicalPercentComplete": 0,
            "earnedValueMethod": 0,
            "predecessorLink": [],
            "predecessorLinkUUIDs": "",
            "actualWorkProtected": null,
            "actualOvertimeWorkProtected": null,
            "extendedAttribute": [],
            "extendedAttributeUUIDs": "",
            "baseline": [],
            "baselineUUIDs": "",
            "isPublished": false,
            "statusmanager": null,
            "commitmentStart": null,
            "commitmentFinish": null,
            "commitmentType": 0,
            "active": 1,
            "manual": 0,
            "enabled": true,
            "parentId": "00520618-1fe6-4985-8f4f-f1577c2aafed",
            "id": "36b0b4d4-ac0d-44e8-9b27-38686784fd2c"
        },
        {
            "uid": 2,
            "_ID": 2,
            "name": "22",
            "type": 1,
            "isNull": false,
            "createDate": "2018-09-20T15:21:00",
            "contact": null,
            "wbs": "2",
            "wbsLevel": null,
            "outlineNumber": "2",
            "outlineLevel": 1,
            "priority": 500,
            "start": "2018-09-20T08:00:00",
            "finish": "2018-10-01T17:00:00",
            "duration": "PT96H0M0S",
            "durationFormat": 7,
            "work": null,
            "stop": null,
            "resume": null,
            "resumeValid": false,
            "effortDriven": false,
            "recurring": false,
            "overAllocated": false,
            "estimated": false,
            "milestone": false,
            "summary": true,
            "critical": true,
            "isSubproject": false,
            "isSubprojectReadOnly": false,
            "subprojectName": null,
            "externalTask": false,
            "externalTaskProject": null,
            "earlyStart": "2018-09-20T08:00:00",
            "earlyFinish": "2018-10-01T17:00:00",
            "lateStart": "2018-09-20T08:00:00",
            "lateFinish": "2018-10-01T17:00:00",
            "starVariance": 0,
            "finishVariance": 0,
            "workVariance": 0,
            "freeSlack": 0,
            "totalSlack": 0,
            "fixedCost": 0,
            "fixedCostAccrual": "3",
            "percentComplete": 0,
            "percentWorkComplete": 0,
            "cost": 0,
            "overtimeCost": 0,
            "overtimeWork": null,
            "actualStart": null,
            "actualFinish": null,
            "actualDuration": null,
            "actualCost": 0,
            "actualOvertimeCost": 0,
            "actualWork": null,
            "actualOvertimeWork": null,
            "regularWork": null,
            "remainingDuration": "PT96H0M0S",
            "remainingCost": 0,
            "remainingWork": null,
            "remainingOvertimeCost": 0,
            "remainingOvertimeWork": null,
            "acwp": 0,
            "cv": 0,
            "constraintType": 0,
            "calendarUID": -1,
            "constraintDate": null,
            "deadline": null,
            "levelAssignments": true,
            "levelingCanSplit": true,
            "levelingDelay": 0,
            "levelingDelayFormat": 8,
            "preLeveledStart": null,
            "preLeveledFinish": null,
            "hyperlink": null,
            "hyperlinkAddress": null,
            "hyperlinkSubAddress": null,
            "ignoreResourceCalendar": false,
            "notes": null,
            "hideBar": false,
            "rollup": true,
            "bcws": 0,
            "bcwp": 0,
            "physicalPercentComplete": 0,
            "earnedValueMethod": 0,
            "predecessorLink": [],
            "predecessorLinkUUIDs": "",
            "actualWorkProtected": null,
            "actualOvertimeWorkProtected": null,
            "extendedAttribute": [],
            "extendedAttributeUUIDs": "",
            "baseline": [],
            "baselineUUIDs": "",
            "isPublished": false,
            "statusmanager": null,
            "commitmentStart": null,
            "commitmentFinish": null,
            "commitmentType": 0,
            "active": 1,
            "manual": 0,
            "enabled": true,
            "parentId": "00520618-1fe6-4985-8f4f-f1577c2aafed",
            "id": "1a701bc6-ed18-48af-b55a-365bf24ce267"
        },
        {
            "uid": 3,
            "_ID": 3,
            "name": "33",
            "type": 1,
            "isNull": false,
            "createDate": "2018-09-20T15:21:00",
            "contact": null,
            "wbs": "2.1",
            "wbsLevel": null,
            "outlineNumber": "2.1",
            "outlineLevel": 2,
            "priority": 500,
            "start": "2018-09-23T08:00:00",
            "finish": "2018-09-26T17:00:00",
            "duration": "PT32H0M0S",
            "durationFormat": 7,
            "work": null,
            "stop": null,
            "resume": null,
            "resumeValid": false,
            "effortDriven": false,
            "recurring": true,
            "overAllocated": false,
            "estimated": false,
            "milestone": false,
            "summary": true,
            "critical": false,
            "isSubproject": false,
            "isSubprojectReadOnly": false,
            "subprojectName": null,
            "externalTask": false,
            "externalTaskProject": null,
            "earlyStart": "2018-09-23T08:00:00",
            "earlyFinish": "2018-09-26T17:00:00",
            "lateStart": "2018-09-28T08:00:00",
            "lateFinish": "2018-10-01T17:00:00",
            "starVariance": 0,
            "finishVariance": 0,
            "workVariance": 0,
            "freeSlack": 0,
            "totalSlack": 24000,
            "fixedCost": 0,
            "fixedCostAccrual": "3",
            "percentComplete": 0,
            "percentWorkComplete": 0,
            "cost": 0,
            "overtimeCost": 0,
            "overtimeWork": null,
            "actualStart": null,
            "actualFinish": null,
            "actualDuration": null,
            "actualCost": 0,
            "actualOvertimeCost": 0,
            "actualWork": null,
            "actualOvertimeWork": null,
            "regularWork": null,
            "remainingDuration": "PT32H0M0S",
            "remainingCost": 0,
            "remainingWork": null,
            "remainingOvertimeCost": 0,
            "remainingOvertimeWork": null,
            "acwp": 0,
            "cv": 0,
            "constraintType": 0,
            "calendarUID": -1,
            "constraintDate": null,
            "deadline": null,
            "levelAssignments": true,
            "levelingCanSplit": true,
            "levelingDelay": 0,
            "levelingDelayFormat": 8,
            "preLeveledStart": null,
            "preLeveledFinish": null,
            "hyperlink": null,
            "hyperlinkAddress": null,
            "hyperlinkSubAddress": null,
            "ignoreResourceCalendar": false,
            "notes": null,
            "hideBar": false,
            "rollup": true,
            "bcws": 0,
            "bcwp": 0,
            "physicalPercentComplete": 0,
            "earnedValueMethod": 0,
            "predecessorLink": [],
            "predecessorLinkUUIDs": "",
            "actualWorkProtected": null,
            "actualOvertimeWorkProtected": null,
            "extendedAttribute": [],
            "extendedAttributeUUIDs": "",
            "baseline": [],
            "baselineUUIDs": "",
            "isPublished": false,
            "statusmanager": null,
            "commitmentStart": null,
            "commitmentFinish": null,
            "commitmentType": 0,
            "active": 1,
            "manual": 0,
            "enabled": true,
            "parentId": "00520618-1fe6-4985-8f4f-f1577c2aafed",
            "id": "5c2136f4-6291-40aa-a033-1d96c3bc1677"
        },
        {
            "uid": 4,
            "_ID": 4,
            "name": "44",
            "type": 0,
            "isNull": false,
            "createDate": "2018-09-20T15:21:00",
            "contact": null,
            "wbs": "2.1.1",
            "wbsLevel": null,
            "outlineNumber": "2.1.1",
            "outlineLevel": 3,
            "priority": 500,
            "start": "2018-09-23T08:00:00",
            "finish": "2018-09-26T17:00:00",
            "duration": "PT32H0M0S",
            "durationFormat": 7,
            "work": null,
            "stop": null,
            "resume": null,
            "resumeValid": false,
            "effortDriven": false,
            "recurring": false,
            "overAllocated": false,
            "estimated": false,
            "milestone": false,
            "summary": false,
            "critical": false,
            "isSubproject": false,
            "isSubprojectReadOnly": false,
            "subprojectName": null,
            "externalTask": false,
            "externalTaskProject": null,
            "earlyStart": "2018-09-23T08:00:00",
            "earlyFinish": "2018-09-26T17:00:00",
            "lateStart": "2018-09-28T08:00:00",
            "lateFinish": "2018-10-01T17:00:00",
            "starVariance": 0,
            "finishVariance": 0,
            "workVariance": 0,
            "freeSlack": 24000,
            "totalSlack": 24000,
            "fixedCost": 0,
            "fixedCostAccrual": "3",
            "percentComplete": 0,
            "percentWorkComplete": 0,
            "cost": 0,
            "overtimeCost": 0,
            "overtimeWork": null,
            "actualStart": null,
            "actualFinish": null,
            "actualDuration": null,
            "actualCost": 0,
            "actualOvertimeCost": 0,
            "actualWork": null,
            "actualOvertimeWork": null,
            "regularWork": null,
            "remainingDuration": "PT32H0M0S",
            "remainingCost": 0,
            "remainingWork": null,
            "remainingOvertimeCost": 0,
            "remainingOvertimeWork": null,
            "acwp": 0,
            "cv": 0,
            "constraintType": 0,
            "calendarUID": -1,
            "constraintDate": null,
            "deadline": null,
            "levelAssignments": true,
            "levelingCanSplit": true,
            "levelingDelay": 0,
            "levelingDelayFormat": 8,
            "preLeveledStart": null,
            "preLeveledFinish": null,
            "hyperlink": null,
            "hyperlinkAddress": null,
            "hyperlinkSubAddress": null,
            "ignoreResourceCalendar": false,
            "notes": null,
            "hideBar": false,
            "rollup": false,
            "bcws": 0,
            "bcwp": 0,
            "physicalPercentComplete": 0,
            "earnedValueMethod": 0,
            "predecessorLink": [
                {
                    "predecessorUID": 1,
                    "type": 3,
                    "crossProject": false,
                    "crossProjectName": null,
                    "linkLag": 14400,
                    "lagFormat": 7,
                    "enabled": true,
                    "parentId": "b4d26876-5a0c-4b6b-9560-daa8010fdf16",
                    "id": "50750bd7-c5aa-41dc-a057-22d46958d827"
                }
            ],
            "predecessorLinkUUIDs": "50750bd7-c5aa-41dc-a057-22d46958d827",
            "actualWorkProtected": null,
            "actualOvertimeWorkProtected": null,
            "extendedAttribute": [],
            "extendedAttributeUUIDs": "",
            "baseline": [],
            "baselineUUIDs": "",
            "isPublished": false,
            "statusmanager": null,
            "commitmentStart": null,
            "commitmentFinish": null,
            "commitmentType": 0,
            "active": 1,
            "manual": 0,
            "enabled": true,
            "parentId": "00520618-1fe6-4985-8f4f-f1577c2aafed",
            "id": "b4d26876-5a0c-4b6b-9560-daa8010fdf16"
        },
        {
            "uid": 5,
            "_ID": 5,
            "name": "55",
            "type": 0,
            "isNull": false,
            "createDate": "2018-09-20T15:21:00",
            "contact": null,
            "wbs": "2.2",
            "wbsLevel": null,
            "outlineNumber": "2.2",
            "outlineLevel": 2,
            "priority": 500,
            "start": "2018-09-20T08:00:00",
            "finish": "2018-10-01T17:00:00",
            "duration": "PT96H0M0S",
            "durationFormat": 7,
            "work": null,
            "stop": null,
            "resume": null,
            "resumeValid": false,
            "effortDriven": false,
            "recurring": true,
            "overAllocated": false,
            "estimated": false,
            "milestone": false,
            "summary": false,
            "critical": true,
            "isSubproject": false,
            "isSubprojectReadOnly": false,
            "subprojectName": null,
            "externalTask": false,
            "externalTaskProject": null,
            "earlyStart": "2018-09-20T08:00:00",
            "earlyFinish": "2018-10-01T17:00:00",
            "lateStart": "2018-09-20T08:00:00",
            "lateFinish": "2018-10-01T17:00:00",
            "starVariance": 0,
            "finishVariance": 0,
            "workVariance": 0,
            "freeSlack": 0,
            "totalSlack": 0,
            "fixedCost": 0,
            "fixedCostAccrual": "3",
            "percentComplete": 0,
            "percentWorkComplete": 0,
            "cost": 0,
            "overtimeCost": 0,
            "overtimeWork": null,
            "actualStart": null,
            "actualFinish": null,
            "actualDuration": null,
            "actualCost": 0,
            "actualOvertimeCost": 0,
            "actualWork": null,
            "actualOvertimeWork": null,
            "regularWork": null,
            "remainingDuration": "PT96H0M0S",
            "remainingCost": 0,
            "remainingWork": null,
            "remainingOvertimeCost": 0,
            "remainingOvertimeWork": null,
            "acwp": 0,
            "cv": 0,
            "constraintType": 0,
            "calendarUID": -1,
            "constraintDate": null,
            "deadline": null,
            "levelAssignments": true,
            "levelingCanSplit": true,
            "levelingDelay": 0,
            "levelingDelayFormat": 8,
            "preLeveledStart": null,
            "preLeveledFinish": null,
            "hyperlink": null,
            "hyperlinkAddress": null,
            "hyperlinkSubAddress": null,
            "ignoreResourceCalendar": false,
            "notes": null,
            "hideBar": false,
            "rollup": false,
            "bcws": 0,
            "bcwp": 0,
            "physicalPercentComplete": 0,
            "earnedValueMethod": 0,
            "predecessorLink": [],
            "predecessorLinkUUIDs": "",
            "actualWorkProtected": null,
            "actualOvertimeWorkProtected": null,
            "extendedAttribute": [],
            "extendedAttributeUUIDs": "",
            "baseline": [],
            "baselineUUIDs": "",
            "isPublished": false,
            "statusmanager": null,
            "commitmentStart": null,
            "commitmentFinish": null,
            "commitmentType": 0,
            "active": 1,
            "manual": 0,
            "enabled": true,
            "parentId": "00520618-1fe6-4985-8f4f-f1577c2aafed",
            "id": "e20db1ee-de98-4c21-9e7d-0af8d41afc0f"
        },
        {
            "uid": 6,
            "_ID": 6,
            "name": "66",
            "type": 1,
            "isNull": false,
            "createDate": "2018-09-20T15:21:00",
            "contact": null,
            "wbs": "3",
            "wbsLevel": null,
            "outlineNumber": "3",
            "outlineLevel": 1,
            "priority": 500,
            "start": "2018-09-20T08:00:00",
            "finish": "2018-09-24T17:00:00",
            "duration": "PT40H0M0S",
            "durationFormat": 7,
            "work": null,
            "stop": null,
            "resume": null,
            "resumeValid": false,
            "effortDriven": false,
            "recurring": false,
            "overAllocated": false,
            "estimated": false,
            "milestone": false,
            "summary": true,
            "critical": false,
            "isSubproject": false,
            "isSubprojectReadOnly": false,
            "subprojectName": null,
            "externalTask": false,
            "externalTaskProject": null,
            "earlyStart": "2018-09-20T08:00:00",
            "earlyFinish": "2018-09-24T17:00:00",
            "lateStart": "2018-09-29T08:00:00",
            "lateFinish": "2018-10-01T17:00:00",
            "starVariance": 0,
            "finishVariance": 0,
            "workVariance": 0,
            "freeSlack": 33600,
            "totalSlack": 33600,
            "fixedCost": 0,
            "fixedCostAccrual": "3",
            "percentComplete": 0,
            "percentWorkComplete": 0,
            "cost": 0,
            "overtimeCost": 0,
            "overtimeWork": null,
            "actualStart": null,
            "actualFinish": null,
            "actualDuration": null,
            "actualCost": 0,
            "actualOvertimeCost": 0,
            "actualWork": null,
            "actualOvertimeWork": null,
            "regularWork": null,
            "remainingDuration": "PT40H0M0S",
            "remainingCost": 0,
            "remainingWork": null,
            "remainingOvertimeCost": 0,
            "remainingOvertimeWork": null,
            "acwp": 0,
            "cv": 0,
            "constraintType": 0,
            "calendarUID": -1,
            "constraintDate": null,
            "deadline": null,
            "levelAssignments": true,
            "levelingCanSplit": true,
            "levelingDelay": 0,
            "levelingDelayFormat": 8,
            "preLeveledStart": null,
            "preLeveledFinish": null,
            "hyperlink": null,
            "hyperlinkAddress": null,
            "hyperlinkSubAddress": null,
            "ignoreResourceCalendar": false,
            "notes": null,
            "hideBar": false,
            "rollup": true,
            "bcws": 0,
            "bcwp": 0,
            "physicalPercentComplete": 0,
            "earnedValueMethod": 0,
            "predecessorLink": [],
            "predecessorLinkUUIDs": "",
            "actualWorkProtected": null,
            "actualOvertimeWorkProtected": null,
            "extendedAttribute": [],
            "extendedAttributeUUIDs": "",
            "baseline": [],
            "baselineUUIDs": "",
            "isPublished": false,
            "statusmanager": null,
            "commitmentStart": null,
            "commitmentFinish": null,
            "commitmentType": 0,
            "active": 1,
            "manual": 0,
            "enabled": true,
            "parentId": "00520618-1fe6-4985-8f4f-f1577c2aafed",
            "id": "3ba9b7ce-6b82-4a12-af64-046a45f9b322"
        },
        {
            "uid": 7,
            "_ID": 7,
            "name": "77",
            "type": 0,
            "isNull": false,
            "createDate": "2018-09-20T15:21:00",
            "contact": null,
            "wbs": "3.1",
            "wbsLevel": null,
            "outlineNumber": "3.1",
            "outlineLevel": 2,
            "priority": 500,
            "start": "2018-09-20T08:00:00",
            "finish": "2018-09-22T17:00:00",
            "duration": "PT24H0M0S",
            "durationFormat": 7,
            "work": null,
            "stop": null,
            "resume": null,
            "resumeValid": false,
            "effortDriven": false,
            "recurring": true,
            "overAllocated": false,
            "estimated": false,
            "milestone": false,
            "summary": false,
            "critical": false,
            "isSubproject": false,
            "isSubprojectReadOnly": false,
            "subprojectName": null,
            "externalTask": false,
            "externalTaskProject": null,
            "earlyStart": "2018-09-20T08:00:00",
            "earlyFinish": "2018-09-22T17:00:00",
            "lateStart": "2018-09-29T08:00:00",
            "lateFinish": "2018-10-01T17:00:00",
            "starVariance": 0,
            "finishVariance": 0,
            "workVariance": 0,
            "freeSlack": 43200,
            "totalSlack": 43200,
            "fixedCost": 0,
            "fixedCostAccrual": "3",
            "percentComplete": 0,
            "percentWorkComplete": 0,
            "cost": 0,
            "overtimeCost": 0,
            "overtimeWork": null,
            "actualStart": null,
            "actualFinish": null,
            "actualDuration": null,
            "actualCost": 0,
            "actualOvertimeCost": 0,
            "actualWork": null,
            "actualOvertimeWork": null,
            "regularWork": null,
            "remainingDuration": "PT24H0M0S",
            "remainingCost": 0,
            "remainingWork": null,
            "remainingOvertimeCost": 0,
            "remainingOvertimeWork": null,
            "acwp": 0,
            "cv": 0,
            "constraintType": 0,
            "calendarUID": -1,
            "constraintDate": null,
            "deadline": null,
            "levelAssignments": true,
            "levelingCanSplit": true,
            "levelingDelay": 0,
            "levelingDelayFormat": 8,
            "preLeveledStart": null,
            "preLeveledFinish": null,
            "hyperlink": null,
            "hyperlinkAddress": null,
            "hyperlinkSubAddress": null,
            "ignoreResourceCalendar": false,
            "notes": null,
            "hideBar": false,
            "rollup": false,
            "bcws": 0,
            "bcwp": 0,
            "physicalPercentComplete": 0,
            "earnedValueMethod": 0,
            "predecessorLink": [],
            "predecessorLinkUUIDs": "",
            "actualWorkProtected": null,
            "actualOvertimeWorkProtected": null,
            "extendedAttribute": [],
            "extendedAttributeUUIDs": "",
            "baseline": [],
            "baselineUUIDs": "",
            "isPublished": false,
            "statusmanager": null,
            "commitmentStart": null,
            "commitmentFinish": null,
            "commitmentType": 0,
            "active": 1,
            "manual": 0,
            "enabled": true,
            "parentId": "00520618-1fe6-4985-8f4f-f1577c2aafed",
            "id": "0d125ee9-09db-4279-a0bd-71e7c2e2f33e"
        },
        {
            "uid": 8,
            "_ID": 8,
            "name": "88",
            "type": 0,
            "isNull": false,
            "createDate": "2018-09-20T15:21:00",
            "contact": null,
            "wbs": "3.2",
            "wbsLevel": null,
            "outlineNumber": "3.2",
            "outlineLevel": 2,
            "priority": 500,
            "start": "2018-09-23T08:00:00",
            "finish": "2018-09-24T17:00:00",
            "duration": "PT16H0M0S",
            "durationFormat": 7,
            "work": null,
            "stop": null,
            "resume": null,
            "resumeValid": false,
            "effortDriven": false,
            "recurring": true,
            "overAllocated": false,
            "estimated": false,
            "milestone": false,
            "summary": false,
            "critical": false,
            "isSubproject": false,
            "isSubprojectReadOnly": false,
            "subprojectName": null,
            "externalTask": false,
            "externalTaskProject": null,
            "earlyStart": "2018-09-23T08:00:00",
            "earlyFinish": "2018-09-24T17:00:00",
            "lateStart": "2018-09-30T08:00:00",
            "lateFinish": "2018-10-01T17:00:00",
            "starVariance": 0,
            "finishVariance": 0,
            "workVariance": 0,
            "freeSlack": 33600,
            "totalSlack": 33600,
            "fixedCost": 0,
            "fixedCostAccrual": "3",
            "percentComplete": 0,
            "percentWorkComplete": 0,
            "cost": 0,
            "overtimeCost": 0,
            "overtimeWork": null,
            "actualStart": null,
            "actualFinish": null,
            "actualDuration": null,
            "actualCost": 0,
            "actualOvertimeCost": 0,
            "actualWork": null,
            "actualOvertimeWork": null,
            "regularWork": null,
            "remainingDuration": "PT16H0M0S",
            "remainingCost": 0,
            "remainingWork": null,
            "remainingOvertimeCost": 0,
            "remainingOvertimeWork": null,
            "acwp": 0,
            "cv": 0,
            "constraintType": 0,
            "calendarUID": -1,
            "constraintDate": null,
            "deadline": null,
            "levelAssignments": true,
            "levelingCanSplit": true,
            "levelingDelay": 0,
            "levelingDelayFormat": 8,
            "preLeveledStart": null,
            "preLeveledFinish": null,
            "hyperlink": null,
            "hyperlinkAddress": null,
            "hyperlinkSubAddress": null,
            "ignoreResourceCalendar": false,
            "notes": null,
            "hideBar": false,
            "rollup": false,
            "bcws": 0,
            "bcwp": 0,
            "physicalPercentComplete": 0,
            "earnedValueMethod": 0,
            "predecessorLink": [
                {
                    "predecessorUID": 3,
                    "type": 3,
                    "crossProject": false,
                    "crossProjectName": null,
                    "linkLag": 0,
                    "lagFormat": 0,
                    "enabled": true,
                    "parentId": "c47031f1-1436-46e0-abba-6bd839215ccf",
                    "id": "3b4ea7aa-405a-4186-9cb6-bcc415810832"
                }
            ],
            "predecessorLinkUUIDs": "3b4ea7aa-405a-4186-9cb6-bcc415810832",
            "actualWorkProtected": null,
            "actualOvertimeWorkProtected": null,
            "extendedAttribute": [],
            "extendedAttributeUUIDs": "",
            "baseline": [],
            "baselineUUIDs": "",
            "isPublished": false,
            "statusmanager": null,
            "commitmentStart": null,
            "commitmentFinish": null,
            "commitmentType": 0,
            "active": 1,
            "manual": 0,
            "enabled": true,
            "parentId": "00520618-1fe6-4985-8f4f-f1577c2aafed",
            "id": "c47031f1-1436-46e0-abba-6bd839215ccf"
        },
        {
            "uid": 9,
            "_ID": 9,
            "name": "99",
            "type": 0,
            "isNull": false,
            "createDate": "2018-09-20T15:21:00",
            "contact": null,
            "wbs": "4",
            "wbsLevel": null,
            "outlineNumber": "4",
            "outlineLevel": 1,
            "priority": 500,
            "start": "2018-09-20T08:00:00",
            "finish": "2018-09-22T17:00:00",
            "duration": "PT24H0M0S",
            "durationFormat": 7,
            "work": null,
            "stop": null,
            "resume": null,
            "resumeValid": false,
            "effortDriven": false,
            "recurring": false,
            "overAllocated": false,
            "estimated": false,
            "milestone": false,
            "summary": false,
            "critical": false,
            "isSubproject": false,
            "isSubprojectReadOnly": false,
            "subprojectName": null,
            "externalTask": false,
            "externalTaskProject": null,
            "earlyStart": "2018-09-20T08:00:00",
            "earlyFinish": "2018-09-22T17:00:00",
            "lateStart": "2018-09-29T08:00:00",
            "lateFinish": "2018-10-01T17:00:00",
            "starVariance": 0,
            "finishVariance": 0,
            "workVariance": 0,
            "freeSlack": 43200,
            "totalSlack": 43200,
            "fixedCost": 0,
            "fixedCostAccrual": "3",
            "percentComplete": 0,
            "percentWorkComplete": 0,
            "cost": 0,
            "overtimeCost": 0,
            "overtimeWork": null,
            "actualStart": null,
            "actualFinish": null,
            "actualDuration": null,
            "actualCost": 0,
            "actualOvertimeCost": 0,
            "actualWork": null,
            "actualOvertimeWork": null,
            "regularWork": null,
            "remainingDuration": "PT24H0M0S",
            "remainingCost": 0,
            "remainingWork": null,
            "remainingOvertimeCost": 0,
            "remainingOvertimeWork": null,
            "acwp": 0,
            "cv": 0,
            "constraintType": 0,
            "calendarUID": -1,
            "constraintDate": null,
            "deadline": null,
            "levelAssignments": true,
            "levelingCanSplit": true,
            "levelingDelay": 0,
            "levelingDelayFormat": 8,
            "preLeveledStart": null,
            "preLeveledFinish": null,
            "hyperlink": null,
            "hyperlinkAddress": null,
            "hyperlinkSubAddress": null,
            "ignoreResourceCalendar": false,
            "notes": null,
            "hideBar": false,
            "rollup": false,
            "bcws": 0,
            "bcwp": 0,
            "physicalPercentComplete": 0,
            "earnedValueMethod": 0,
            "predecessorLink": [],
            "predecessorLinkUUIDs": "",
            "actualWorkProtected": null,
            "actualOvertimeWorkProtected": null,
            "extendedAttribute": [],
            "extendedAttributeUUIDs": "",
            "baseline": [],
            "baselineUUIDs": "",
            "isPublished": false,
            "statusmanager": null,
            "commitmentStart": null,
            "commitmentFinish": null,
            "commitmentType": 0,
            "active": 1,
            "manual": 0,
            "enabled": true,
            "parentId": "00520618-1fe6-4985-8f4f-f1577c2aafed",
            "id": "a2955305-8b90-4d4d-90b3-9353b0dcce5d"
        }
    ],
    "tasksUUIDs": "f8b1d664-c07e-4462-8115-2d2f5c042619,36b0b4d4-ac0d-44e8-9b27-38686784fd2c,1a701bc6-ed18-48af-b55a-365bf24ce267,5c2136f4-6291-40aa-a033-1d96c3bc1677,b4d26876-5a0c-4b6b-9560-daa8010fdf16,e20db1ee-de98-4c21-9e7d-0af8d41afc0f,3ba9b7ce-6b82-4a12-af64-046a45f9b322,0d125ee9-09db-4279-a0bd-71e7c2e2f33e,c47031f1-1436-46e0-abba-6bd839215ccf,a2955305-8b90-4d4d-90b3-9353b0dcce5d",
    "resources": [
        {
            "uid": 0,
            "_ID": 0,
            "name": null,
            "type": 1,
            "isNull": false,
            "initials": null,
            "phonetics": null,
            "ntAccount": null,
            "materialLabel": null,
            "code": null,
            "group": null,
            "workGroup": 0,
            "emailAddress": null,
            "hyperlink": null,
            "hyperlinkAddress": null,
            "hyperlinkSubAddress": null,
            "maxUnits": 1,
            "peakUnits": 0,
            "overAllocated": false,
            "availableFrom": null,
            "availableTo": null,
            "start": null,
            "finish": null,
            "canLevel": false,
            "accrueAt": 3,
            "work": null,
            "regularWork": null,
            "overtimeWork": null,
            "actualWork": null,
            "remainingWork": null,
            "actualOvertimeWork": null,
            "remainingOvertimeWork": null,
            "percentWorkComplete": 0,
            "standardRate": 0,
            "standardRateFormat": 2,
            "cost": 0,
            "overtimeRate": 0,
            "overtimeRateFormat": 2,
            "overtimeCost": 0,
            "costPerUse": 0,
            "actualCost": 0,
            "actualOvertimeCost": 0,
            "remainingCost": 0,
            "remainingOvertimeCost": 0,
            "workVariance": 0,
            "costVariance": 0,
            "sv": 0,
            "cv": 0,
            "acwp": 0,
            "calendarUID": 2,
            "notes": null,
            "bcws": 0,
            "bcwp": 0,
            "isGeneric": false,
            "isInactive": true,
            "isEnterprise": false,
            "bookingType": 0,
            "actualWorkProtected": null,
            "actualOvertimeWorkProtected": null,
            "activeDirectoryGUID": null,
            "creationDate": "2018-09-20T15:21:00",
            "isCostResource": false,
            "assnOwner": null,
            "assnOwnerGuid": null,
            "isBudget": false,
            "enabled": true,
            "parentId": "00520618-1fe6-4985-8f4f-f1577c2aafed",
            "id": "5c578774-eac4-4548-88b0-5ef857565dfc"
        }
    ],
    "resourcesUUIDs": "5c578774-eac4-4548-88b0-5ef857565dfc",
    "assignments": [
        {
            "uid": 1,
            "taskUID": 1,
            "resourceUID": -65535,
            "percentWorkComplete": 0,
            "actualCost": 0,
            "actualFinish": null,
            "actualOvertimeCost": 0,
            "actualOvertimeWork": null,
            "acutalStart": null,
            "actualWork": null,
            "acwp": 0,
            "confirmed": false,
            "cost": 0,
            "costRateTalbe": 0,
            "costVariance": 0,
            "cv": 0,
            "delay": 0,
            "finish": "2018-09-20T17:00:00",
            "finishVariance": 0,
            "hyperlink": null,
            "hyperlinkAddress": null,
            "hyperlinkSubAddress": null,
            "workVariance": 480000,
            "hasFixedRateUnits": true,
            "fixedMaterial": false,
            "levelingDelay": 0,
            "levelingDelayFormat": 7,
            "linkedFields": false,
            "milestone": false,
            "notes": null,
            "overallocated": false,
            "overtimeCost": 0,
            "overtimeWork": null,
            "peakUnits": 0,
            "regularWork": "PT8H0M0S",
            "remainingCost": 0,
            "remainingOvertimeCost": 0,
            "remainingOvertimeWork": null,
            "remainingWork": "PT8H0M0S",
            "responsePending": false,
            "start": "2018-09-20T08:00:00",
            "stop": "2018-09-20T08:00:00",
            "resume": "2018-09-20T08:00:00",
            "startVariance": 0,
            "summary": false,
            "sv": 0,
            "units": 1,
            "upadteNeeded": false,
            "vac": 0,
            "work": "PT8H0M0S",
            "workContour": 0,
            "bcws": 0,
            "bcwp": 0,
            "bookingType": 0,
            "actualWorkProtected": null,
            "actualOvertimeWorkProtected": null,
            "creationDate": "2018-09-20T15:21:00",
            "assnOwner": null,
            "assnOwnerGuid": null,
            "budgetCost": 0,
            "budgetWork": null,
            "enabled": true,
            "parentId": "00520618-1fe6-4985-8f4f-f1577c2aafed",
            "id": "d7c069e3-490f-4655-ac4a-3eb175f1734d"
        },
        {
            "uid": 4,
            "taskUID": 4,
            "resourceUID": -65535,
            "percentWorkComplete": 0,
            "actualCost": 0,
            "actualFinish": null,
            "actualOvertimeCost": 0,
            "actualOvertimeWork": null,
            "acutalStart": null,
            "actualWork": null,
            "acwp": 0,
            "confirmed": false,
            "cost": 0,
            "costRateTalbe": 0,
            "costVariance": 0,
            "cv": 0,
            "delay": 0,
            "finish": "2018-09-26T17:00:00",
            "finishVariance": 0,
            "hyperlink": null,
            "hyperlinkAddress": null,
            "hyperlinkSubAddress": null,
            "workVariance": 1920000,
            "hasFixedRateUnits": true,
            "fixedMaterial": false,
            "levelingDelay": 0,
            "levelingDelayFormat": 7,
            "linkedFields": false,
            "milestone": false,
            "notes": null,
            "overallocated": false,
            "overtimeCost": 0,
            "overtimeWork": null,
            "peakUnits": 0,
            "regularWork": "PT32H0M0S",
            "remainingCost": 0,
            "remainingOvertimeCost": 0,
            "remainingOvertimeWork": null,
            "remainingWork": "PT32H0M0S",
            "responsePending": false,
            "start": "2018-09-23T08:00:00",
            "stop": "2018-09-23T08:00:00",
            "resume": "2018-09-23T08:00:00",
            "startVariance": 0,
            "summary": false,
            "sv": 0,
            "units": 1,
            "upadteNeeded": false,
            "vac": 0,
            "work": "PT32H0M0S",
            "workContour": 0,
            "bcws": 0,
            "bcwp": 0,
            "bookingType": 0,
            "actualWorkProtected": null,
            "actualOvertimeWorkProtected": null,
            "creationDate": "2018-09-20T15:21:00",
            "assnOwner": null,
            "assnOwnerGuid": null,
            "budgetCost": 0,
            "budgetWork": null,
            "enabled": true,
            "parentId": "00520618-1fe6-4985-8f4f-f1577c2aafed",
            "id": "750d9ef3-422a-4045-9aca-be11b4524d8a"
        },
        {
            "uid": 5,
            "taskUID": 5,
            "resourceUID": -65535,
            "percentWorkComplete": 0,
            "actualCost": 0,
            "actualFinish": null,
            "actualOvertimeCost": 0,
            "actualOvertimeWork": null,
            "acutalStart": null,
            "actualWork": null,
            "acwp": 0,
            "confirmed": false,
            "cost": 0,
            "costRateTalbe": 0,
            "costVariance": 0,
            "cv": 0,
            "delay": 0,
            "finish": "2018-10-01T17:00:00",
            "finishVariance": 0,
            "hyperlink": null,
            "hyperlinkAddress": null,
            "hyperlinkSubAddress": null,
            "workVariance": 5760000,
            "hasFixedRateUnits": true,
            "fixedMaterial": false,
            "levelingDelay": 0,
            "levelingDelayFormat": 7,
            "linkedFields": false,
            "milestone": false,
            "notes": null,
            "overallocated": false,
            "overtimeCost": 0,
            "overtimeWork": null,
            "peakUnits": 0,
            "regularWork": "PT96H0M0S",
            "remainingCost": 0,
            "remainingOvertimeCost": 0,
            "remainingOvertimeWork": null,
            "remainingWork": "PT96H0M0S",
            "responsePending": false,
            "start": "2018-09-20T08:00:00",
            "stop": "2018-09-20T08:00:00",
            "resume": "2018-09-20T08:00:00",
            "startVariance": 0,
            "summary": false,
            "sv": 0,
            "units": 1,
            "upadteNeeded": false,
            "vac": 0,
            "work": "PT96H0M0S",
            "workContour": 0,
            "bcws": 0,
            "bcwp": 0,
            "bookingType": 0,
            "actualWorkProtected": null,
            "actualOvertimeWorkProtected": null,
            "creationDate": "2018-09-20T15:21:00",
            "assnOwner": null,
            "assnOwnerGuid": null,
            "budgetCost": 0,
            "budgetWork": null,
            "enabled": true,
            "parentId": "00520618-1fe6-4985-8f4f-f1577c2aafed",
            "id": "65fd303c-a802-446d-acd9-6241f7217635"
        },
        {
            "uid": 7,
            "taskUID": 7,
            "resourceUID": -65535,
            "percentWorkComplete": 0,
            "actualCost": 0,
            "actualFinish": null,
            "actualOvertimeCost": 0,
            "actualOvertimeWork": null,
            "acutalStart": null,
            "actualWork": null,
            "acwp": 0,
            "confirmed": false,
            "cost": 0,
            "costRateTalbe": 0,
            "costVariance": 0,
            "cv": 0,
            "delay": 0,
            "finish": "2018-09-22T17:00:00",
            "finishVariance": 0,
            "hyperlink": null,
            "hyperlinkAddress": null,
            "hyperlinkSubAddress": null,
            "workVariance": 1440000,
            "hasFixedRateUnits": true,
            "fixedMaterial": false,
            "levelingDelay": 0,
            "levelingDelayFormat": 7,
            "linkedFields": false,
            "milestone": false,
            "notes": null,
            "overallocated": false,
            "overtimeCost": 0,
            "overtimeWork": null,
            "peakUnits": 0,
            "regularWork": "PT24H0M0S",
            "remainingCost": 0,
            "remainingOvertimeCost": 0,
            "remainingOvertimeWork": null,
            "remainingWork": "PT24H0M0S",
            "responsePending": false,
            "start": "2018-09-20T08:00:00",
            "stop": "2018-09-20T08:00:00",
            "resume": "2018-09-20T08:00:00",
            "startVariance": 0,
            "summary": false,
            "sv": 0,
            "units": 1,
            "upadteNeeded": false,
            "vac": 0,
            "work": "PT24H0M0S",
            "workContour": 0,
            "bcws": 0,
            "bcwp": 0,
            "bookingType": 0,
            "actualWorkProtected": null,
            "actualOvertimeWorkProtected": null,
            "creationDate": "2018-09-20T15:21:00",
            "assnOwner": null,
            "assnOwnerGuid": null,
            "budgetCost": 0,
            "budgetWork": null,
            "enabled": true,
            "parentId": "00520618-1fe6-4985-8f4f-f1577c2aafed",
            "id": "66222a8a-4d31-4878-a450-54a4431d948b"
        },
        {
            "uid": 8,
            "taskUID": 8,
            "resourceUID": -65535,
            "percentWorkComplete": 0,
            "actualCost": 0,
            "actualFinish": null,
            "actualOvertimeCost": 0,
            "actualOvertimeWork": null,
            "acutalStart": null,
            "actualWork": null,
            "acwp": 0,
            "confirmed": false,
            "cost": 0,
            "costRateTalbe": 0,
            "costVariance": 0,
            "cv": 0,
            "delay": 0,
            "finish": "2018-09-24T17:00:00",
            "finishVariance": 0,
            "hyperlink": null,
            "hyperlinkAddress": null,
            "hyperlinkSubAddress": null,
            "workVariance": 960000,
            "hasFixedRateUnits": true,
            "fixedMaterial": false,
            "levelingDelay": 0,
            "levelingDelayFormat": 7,
            "linkedFields": false,
            "milestone": false,
            "notes": null,
            "overallocated": false,
            "overtimeCost": 0,
            "overtimeWork": null,
            "peakUnits": 0,
            "regularWork": "PT16H0M0S",
            "remainingCost": 0,
            "remainingOvertimeCost": 0,
            "remainingOvertimeWork": null,
            "remainingWork": "PT16H0M0S",
            "responsePending": false,
            "start": "2018-09-23T08:00:00",
            "stop": "2018-09-23T08:00:00",
            "resume": "2018-09-23T08:00:00",
            "startVariance": 0,
            "summary": false,
            "sv": 0,
            "units": 1,
            "upadteNeeded": false,
            "vac": 0,
            "work": "PT16H0M0S",
            "workContour": 0,
            "bcws": 0,
            "bcwp": 0,
            "bookingType": 0,
            "actualWorkProtected": null,
            "actualOvertimeWorkProtected": null,
            "creationDate": "2018-09-20T15:21:00",
            "assnOwner": null,
            "assnOwnerGuid": null,
            "budgetCost": 0,
            "budgetWork": null,
            "enabled": true,
            "parentId": "00520618-1fe6-4985-8f4f-f1577c2aafed",
            "id": "5967be1a-684b-4feb-b367-8af6d2368a94"
        },
        {
            "uid": 9,
            "taskUID": 9,
            "resourceUID": -65535,
            "percentWorkComplete": 0,
            "actualCost": 0,
            "actualFinish": null,
            "actualOvertimeCost": 0,
            "actualOvertimeWork": null,
            "acutalStart": null,
            "actualWork": null,
            "acwp": 0,
            "confirmed": false,
            "cost": 0,
            "costRateTalbe": 0,
            "costVariance": 0,
            "cv": 0,
            "delay": 0,
            "finish": "2018-09-22T17:00:00",
            "finishVariance": 0,
            "hyperlink": null,
            "hyperlinkAddress": null,
            "hyperlinkSubAddress": null,
            "workVariance": 1440000,
            "hasFixedRateUnits": true,
            "fixedMaterial": false,
            "levelingDelay": 0,
            "levelingDelayFormat": 7,
            "linkedFields": false,
            "milestone": false,
            "notes": null,
            "overallocated": false,
            "overtimeCost": 0,
            "overtimeWork": null,
            "peakUnits": 0,
            "regularWork": "PT24H0M0S",
            "remainingCost": 0,
            "remainingOvertimeCost": 0,
            "remainingOvertimeWork": null,
            "remainingWork": "PT24H0M0S",
            "responsePending": false,
            "start": "2018-09-20T08:00:00",
            "stop": "2018-09-20T08:00:00",
            "resume": "2018-09-20T08:00:00",
            "startVariance": 0,
            "summary": false,
            "sv": 0,
            "units": 1,
            "upadteNeeded": false,
            "vac": 0,
            "work": "PT24H0M0S",
            "workContour": 0,
            "bcws": 0,
            "bcwp": 0,
            "bookingType": 0,
            "actualWorkProtected": null,
            "actualOvertimeWorkProtected": null,
            "creationDate": "2018-09-20T15:21:00",
            "assnOwner": null,
            "assnOwnerGuid": null,
            "budgetCost": 0,
            "budgetWork": null,
            "enabled": true,
            "parentId": "00520618-1fe6-4985-8f4f-f1577c2aafed",
            "id": "9eeb2b8d-7f52-4356-91a0-a63c5bf2bc7c"
        }
    ],
    "assignmentsUUIDs": "d7c069e3-490f-4655-ac4a-3eb175f1734d,750d9ef3-422a-4045-9aca-be11b4524d8a,65fd303c-a802-446d-acd9-6241f7217635,66222a8a-4d31-4878-a450-54a4431d948b,5967be1a-684b-4feb-b367-8af6d2368a94,9eeb2b8d-7f52-4356-91a0-a63c5bf2bc7c",
    "enabled": true,
    "parentId": "4d29481b-ec3c-4d21-99f0-ac4a0b44cf61",
    "id": "00520618-1fe6-4985-8f4f-f1577c2aafed"
}